Gene,Version 1 Adverse Event Count,Version 2 Adverse Event Count,Adverse Event,All Records Version 1 Count,All Records Version 2 Count,Adverse Event Count Difference,All Records Count Difference
ABCA3,1.0,1.0,Thrombocytopenia,1.0,1.0,0.0,0.0
ABCA5,1.0,1.0,Hyperlipidemia,1.0,1.0,0.0,0.0
ABCB1,7.0,6.0,Pancreatitis,119.0,119.0,-1.0,0.0
ABCB1,24.0,24.0,Pneumonia,119.0,119.0,0.0,0.0
ABCB1,22.0,23.0,Myocardial Infarction,119.0,119.0,1.0,0.0
ABCB1,2.0,1.0,Pulmonary Edema,119.0,119.0,-1.0,0.0
ABCB1,6.0,7.0,Edema,119.0,119.0,1.0,0.0
ABCB1,14.0,16.0,Tardive Dyskinesia,119.0,119.0,2.0,0.0
ABCB1,1.0,1.0,Proteinuria,119.0,119.0,0.0,0.0
ABCB1,8.0,7.0,Hyperlipidemia,119.0,119.0,-1.0,0.0
ABCB1,11.0,10.0,Thrombocytopenia,119.0,119.0,-1.0,0.0
ABCB1,7.0,6.0,Sepsis,119.0,119.0,-1.0,0.0
ABCB1,6.0,7.0,Delirium,119.0,119.0,1.0,0.0
ABCB1,11.0,11.0,Gastric ulcer,119.0,119.0,0.0,0.0
ABCB11,0.0,1.0,Delirium,6.0,17.0,1.0,11.0
ABCB11,0.0,1.0,Gastric ulcer,6.0,17.0,1.0,11.0
ABCB11,0.0,1.0,Hyperlipidemia,6.0,17.0,1.0,11.0
ABCB11,1.0,2.0,Tardive Dyskinesia,6.0,17.0,1.0,11.0
ABCB11,1.0,1.0,Thrombocytopenia,6.0,17.0,0.0,11.0
ABCB11,1.0,4.0,Myocardial Infarction,6.0,17.0,3.0,11.0
ABCB11,1.0,2.0,Sepsis,6.0,17.0,1.0,11.0
ABCB11,2.0,3.0,Pneumonia,6.0,17.0,1.0,11.0
ABCB11,0.0,2.0,Pancreatitis,6.0,17.0,2.0,11.0
ABCC1,1.0,1.0,Hyperlipidemia,5.0,5.0,0.0,0.0
ABCC1,1.0,1.0,Thrombocytopenia,5.0,5.0,0.0,0.0
ABCC1,1.0,1.0,Pancreatitis,5.0,5.0,0.0,0.0
ABCC1,1.0,1.0,Gastric ulcer,5.0,5.0,0.0,0.0
ABCC1,1.0,1.0,Proteinuria,5.0,5.0,0.0,0.0
ABCC10,1.0,1.0,Myocardial Infarction,2.0,2.0,0.0,0.0
ABCC10,1.0,1.0,Hyperlipidemia,2.0,2.0,0.0,0.0
ABCC2,1.0,1.0,Hyperlipidemia,8.0,8.0,0.0,0.0
ABCC2,2.0,2.0,Sepsis,8.0,8.0,0.0,0.0
ABCC2,2.0,2.0,Pancreatitis,8.0,8.0,0.0,0.0
ABCC2,2.0,2.0,Myocardial Infarction,8.0,8.0,0.0,0.0
ABCC2,1.0,1.0,Pneumonia,8.0,8.0,0.0,0.0
ABCC4,1.0,1.0,Gastric ulcer,5.0,5.0,0.0,0.0
ABCC4,1.0,1.0,Sepsis,5.0,5.0,0.0,0.0
ABCC4,1.0,1.0,Myocardial Infarction,5.0,5.0,0.0,0.0
ABCC4,1.0,1.0,Hyperlipidemia,5.0,5.0,0.0,0.0
ABCC4,1.0,1.0,Pancreatitis,5.0,5.0,0.0,0.0
ABCC5,1.0,1.0,Hyperlipidemia,1.0,1.0,0.0,0.0
ABCG2,3.0,4.0,Sepsis,25.0,35.0,1.0,10.0
ABCG2,2.0,4.0,Pancreatitis,25.0,35.0,2.0,10.0
ABCG2,1.0,2.0,Pulmonary Edema,25.0,35.0,1.0,10.0
ABCG2,0.0,1.0,Edema,25.0,35.0,1.0,10.0
ABCG2,1.0,1.0,Proteinuria,25.0,35.0,0.0,10.0
ABCG2,8.0,10.0,Thrombocytopenia,25.0,35.0,2.0,10.0
ABCG2,4.0,4.0,Hyperlipidemia,25.0,35.0,0.0,10.0
ABCG2,0.0,2.0,Gastric ulcer,25.0,35.0,2.0,10.0
ABCG2,2.0,2.0,Myocardial Infarction,25.0,35.0,0.0,10.0
ABCG2,3.0,4.0,Pneumonia,25.0,35.0,1.0,10.0
ABCG2,1.0,1.0,Delirium,25.0,35.0,0.0,10.0
ABL1,5.0,5.0,Thrombocytopenia,6.0,6.0,0.0,0.0
ABL1,1.0,1.0,Pulmonary Edema,6.0,6.0,0.0,0.0
ABL2,1.0,1.0,Pulmonary Edema,2.0,2.0,0.0,0.0
ABL2,1.0,1.0,Thrombocytopenia,2.0,2.0,0.0,0.0
ACACA,1.0,1.0,Thrombocytopenia,1.0,1.0,0.0,0.0
ACACB,1.0,1.0,Thrombocytopenia,1.0,1.0,0.0,0.0
ACAT1,1.0,1.0,Sepsis,1.0,1.0,0.0,0.0
ACE,1.0,1.0,Edema,4.0,4.0,0.0,0.0
ACE,1.0,1.0,Proteinuria,4.0,4.0,0.0,0.0
ACE,1.0,1.0,Gastric ulcer,4.0,4.0,0.0,0.0
ACE,1.0,1.0,Myocardial Infarction,4.0,4.0,0.0,0.0
ACHE,1.0,1.0,Gastric ulcer,1.0,1.0,0.0,0.0
ADA,1.0,1.0,Sepsis,2.0,2.0,0.0,0.0
ADA,1.0,1.0,Myocardial Infarction,2.0,2.0,0.0,0.0
ADAMTS4,1.0,1.0,Hemorrhage,3.0,3.0,0.0,0.0
ADAMTS4,1.0,1.0,Pneumonia,3.0,3.0,0.0,0.0
ADAMTS4,1.0,1.0,Myocardial Infarction,3.0,3.0,0.0,0.0
ADK,1.0,1.0,Myocardial Infarction,1.0,1.0,0.0,0.0
ADORA1,2.0,2.0,Edema,14.0,16.0,0.0,2.0
ADORA1,1.0,2.0,Pneumonia,14.0,16.0,1.0,2.0
ADORA1,1.0,1.0,Hyperlipidemia,14.0,16.0,0.0,2.0
ADORA1,1.0,1.0,Pulmonary Edema,14.0,16.0,0.0,2.0
ADORA1,2.0,3.0,Myocardial Infarction,14.0,16.0,1.0,2.0
ADORA1,4.0,4.0,Sepsis,14.0,16.0,0.0,2.0
ADORA1,1.0,1.0,Pancreatitis,14.0,16.0,0.0,2.0
ADORA1,1.0,1.0,Thrombocytopenia,14.0,16.0,0.0,2.0
ADORA1,1.0,1.0,Gastric ulcer,14.0,16.0,0.0,2.0
ADORA2A,2.0,2.0,Sepsis,9.0,9.0,0.0,0.0
ADORA2A,1.0,1.0,Myocardial Infarction,9.0,9.0,0.0,0.0
ADORA2A,1.0,1.0,Gastric ulcer,9.0,9.0,0.0,0.0
ADORA2A,1.0,1.0,Thrombocytopenia,9.0,9.0,0.0,0.0
ADORA2A,1.0,1.0,Pulmonary Edema,9.0,9.0,0.0,0.0
ADORA2A,2.0,2.0,Edema,9.0,9.0,0.0,0.0
ADORA2A,1.0,1.0,Pancreatitis,9.0,9.0,0.0,0.0
ADORA2B,0.0,1.0,Edema,2.0,8.0,1.0,6.0
ADORA2B,0.0,1.0,Pulmonary Edema,2.0,8.0,1.0,6.0
ADORA2B,1.0,2.0,Sepsis,2.0,8.0,1.0,6.0
ADORA2B,0.0,1.0,Gastric ulcer,2.0,8.0,1.0,6.0
ADORA2B,0.0,1.0,Thrombocytopenia,2.0,8.0,1.0,6.0
ADORA2B,1.0,1.0,Myocardial Infarction,2.0,8.0,0.0,6.0
ADORA2B,0.0,1.0,Pancreatitis,2.0,8.0,1.0,6.0
ADRA1A,12.0,12.0,Edema,94.0,87.0,0.0,-7.0
ADRA1A,6.0,5.0,Gastric ulcer,94.0,87.0,-1.0,-7.0
ADRA1A,15.0,14.0,Tardive Dyskinesia,94.0,87.0,-1.0,-7.0
ADRA1A,1.0,1.0,Cerebral Infarction,94.0,87.0,0.0,-7.0
ADRA1A,8.0,7.0,Delirium,94.0,87.0,-1.0,-7.0
ADRA1A,4.0,3.0,Hyperlipidemia,94.0,87.0,-1.0,-7.0
ADRA1A,2.0,2.0,Sepsis,94.0,87.0,0.0,-7.0
ADRA1A,6.0,6.0,Pancreatitis,94.0,87.0,0.0,-7.0
ADRA1A,20.0,18.0,Myocardial Infarction,94.0,87.0,-2.0,-7.0
ADRA1A,20.0,19.0,Pneumonia,94.0,87.0,-1.0,-7.0
ADRA1B,4.0,4.0,Gastric ulcer,73.0,70.0,0.0,-3.0
ADRA1B,10.0,9.0,Tardive Dyskinesia,73.0,70.0,-1.0,-3.0
ADRA1B,4.0,3.0,Hyperlipidemia,73.0,70.0,-1.0,-3.0
ADRA1B,6.0,6.0,Pancreatitis,73.0,70.0,0.0,-3.0
ADRA1B,11.0,11.0,Edema,73.0,70.0,0.0,-3.0
ADRA1B,14.0,15.0,Myocardial Infarction,73.0,70.0,1.0,-3.0
ADRA1B,1.0,1.0,Cerebral Infarction,73.0,70.0,0.0,-3.0
ADRA1B,2.0,2.0,Sepsis,73.0,70.0,0.0,-3.0
ADRA1B,14.0,13.0,Pneumonia,73.0,70.0,-1.0,-3.0
ADRA1B,7.0,6.0,Delirium,73.0,70.0,-1.0,-3.0
ADRA1D,1.0,0.0,Hyperlipidemia,31.0,28.0,-1.0,-3.0
ADRA1D,1.0,1.0,Sepsis,31.0,28.0,0.0,-3.0
ADRA1D,2.0,1.0,Tardive Dyskinesia,31.0,28.0,-1.0,-3.0
ADRA1D,8.0,9.0,Myocardial Infarction,31.0,28.0,1.0,-3.0
ADRA1D,3.0,2.0,Delirium,31.0,28.0,-1.0,-3.0
ADRA1D,2.0,2.0,Pancreatitis,31.0,28.0,0.0,-3.0
ADRA1D,7.0,7.0,Edema,31.0,28.0,0.0,-3.0
ADRA1D,3.0,3.0,Gastric ulcer,31.0,28.0,0.0,-3.0
ADRA1D,4.0,3.0,Pneumonia,31.0,28.0,-1.0,-3.0
ADRA2A,6.0,5.0,Pancreatitis,88.0,79.0,-1.0,-9.0
ADRA2A,6.0,5.0,Gastric ulcer,88.0,79.0,-1.0,-9.0
ADRA2A,12.0,12.0,Tardive Dyskinesia,88.0,79.0,0.0,-9.0
ADRA2A,4.0,3.0,Sepsis,88.0,79.0,-1.0,-9.0
ADRA2A,19.0,17.0,Pneumonia,88.0,79.0,-2.0,-9.0
ADRA2A,4.0,3.0,Hyperlipidemia,88.0,79.0,-1.0,-9.0
ADRA2A,1.0,1.0,Cerebral Infarction,88.0,79.0,0.0,-9.0
ADRA2A,6.0,6.0,Delirium,88.0,79.0,0.0,-9.0
ADRA2A,10.0,9.0,Edema,88.0,79.0,-1.0,-9.0
ADRA2A,20.0,18.0,Myocardial Infarction,88.0,79.0,-2.0,-9.0
ADRA2B,5.0,5.0,Delirium,68.0,55.0,0.0,-13.0
ADRA2B,12.0,9.0,Myocardial Infarction,68.0,55.0,-3.0,-13.0
ADRA2B,9.0,9.0,Tardive Dyskinesia,68.0,55.0,0.0,-13.0
ADRA2B,14.0,11.0,Pneumonia,68.0,55.0,-3.0,-13.0
ADRA2B,4.0,3.0,Hyperlipidemia,68.0,55.0,-1.0,-13.0
ADRA2B,8.0,7.0,Edema,68.0,55.0,-1.0,-13.0
ADRA2B,5.0,3.0,Gastric ulcer,68.0,55.0,-2.0,-13.0
ADRA2B,4.0,2.0,Sepsis,68.0,55.0,-2.0,-13.0
ADRA2B,1.0,1.0,Cerebral Infarction,68.0,55.0,0.0,-13.0
ADRA2B,6.0,5.0,Pancreatitis,68.0,55.0,-1.0,-13.0
ADRA2C,17.0,13.0,Pneumonia,73.0,55.0,-4.0,-18.0
ADRA2C,13.0,8.0,Myocardial Infarction,73.0,55.0,-5.0,-18.0
ADRA2C,4.0,3.0,Hyperlipidemia,73.0,55.0,-1.0,-18.0
ADRA2C,1.0,1.0,Cerebral Infarction,73.0,55.0,0.0,-18.0
ADRA2C,4.0,1.0,Sepsis,73.0,55.0,-3.0,-18.0
ADRA2C,5.0,5.0,Delirium,73.0,55.0,0.0,-18.0
ADRA2C,10.0,10.0,Tardive Dyskinesia,73.0,55.0,0.0,-18.0
ADRA2C,5.0,3.0,Gastric ulcer,73.0,55.0,-2.0,-18.0
ADRA2C,8.0,6.0,Edema,73.0,55.0,-2.0,-18.0
ADRA2C,6.0,5.0,Pancreatitis,73.0,55.0,-1.0,-18.0
ADRB1,3.0,3.0,Pneumonia,21.0,25.0,0.0,4.0
ADRB1,2.0,3.0,Tardive Dyskinesia,21.0,25.0,1.0,4.0
ADRB1,6.0,6.0,Myocardial Infarction,21.0,25.0,0.0,4.0
ADRB1,1.0,1.0,Sepsis,21.0,25.0,0.0,4.0
ADRB1,2.0,2.0,Gastric ulcer,21.0,25.0,0.0,4.0
ADRB1,2.0,3.0,Pancreatitis,21.0,25.0,1.0,4.0
ADRB1,5.0,5.0,Edema,21.0,25.0,0.0,4.0
ADRB1,0.0,1.0,Delirium,21.0,25.0,1.0,4.0
ADRB1,0.0,1.0,Hyperlipidemia,21.0,25.0,1.0,4.0
ADRB2,4.0,4.0,Edema,18.0,22.0,0.0,4.0
ADRB2,0.0,1.0,Hyperlipidemia,18.0,22.0,1.0,4.0
ADRB2,2.0,3.0,Pancreatitis,18.0,22.0,1.0,4.0
ADRB2,6.0,6.0,Myocardial Infarction,18.0,22.0,0.0,4.0
ADRB2,1.0,1.0,Sepsis,18.0,22.0,0.0,4.0
ADRB2,1.0,2.0,Tardive Dyskinesia,18.0,22.0,1.0,4.0
ADRB2,2.0,2.0,Gastric ulcer,18.0,22.0,0.0,4.0
ADRB2,2.0,2.0,Pneumonia,18.0,22.0,0.0,4.0
ADRB2,0.0,1.0,Delirium,18.0,22.0,1.0,4.0
ADRB3,1.0,0.0,Sepsis,6.0,4.0,-1.0,-2.0
ADRB3,1.0,0.0,Edema,6.0,4.0,-1.0,-2.0
ADRB3,2.0,2.0,Pancreatitis,6.0,4.0,0.0,-2.0
ADRB3,2.0,2.0,Myocardial Infarction,6.0,4.0,0.0,-2.0
AGTR1,3.0,3.0,Myocardial Infarction,4.0,4.0,0.0,0.0
AGTR1,1.0,1.0,Pancreatitis,4.0,4.0,0.0,0.0
AGXT,1.0,1.0,Hyperlipidemia,2.0,2.0,0.0,0.0
AGXT,1.0,1.0,Sepsis,2.0,2.0,0.0,0.0
AGXT2,1.0,1.0,Sepsis,2.0,2.0,0.0,0.0
AGXT2,1.0,1.0,Hyperlipidemia,2.0,2.0,0.0,0.0
AKR1B1,1.0,1.0,Pancreatitis,2.0,2.0,0.0,0.0
AKR1B1,1.0,1.0,Myocardial Infarction,2.0,2.0,0.0,0.0
AKR1B10,0.0,1.0,Myocardial Infarction,0.0,2.0,1.0,2.0
AKR1B10,0.0,1.0,Pancreatitis,0.0,2.0,1.0,2.0
AKR1C1,0.0,1.0,Delirium,0.0,1.0,1.0,1.0
AKR1C2,0.0,1.0,Delirium,0.0,1.0,1.0,1.0
AKR1C3,0.0,1.0,Delirium,0.0,1.0,1.0,1.0
AKR1C4,0.0,1.0,Delirium,0.0,1.0,1.0,1.0
ALAS1,1.0,1.0,Sepsis,2.0,2.0,0.0,0.0
ALAS1,1.0,1.0,Hyperlipidemia,2.0,2.0,0.0,0.0
ALAS2,1.0,1.0,Sepsis,2.0,2.0,0.0,0.0
ALAS2,1.0,1.0,Hyperlipidemia,2.0,2.0,0.0,0.0
ALB,11.0,23.0,Myocardial Infarction,54.0,92.0,12.0,38.0
ALB,5.0,8.0,Tardive Dyskinesia,54.0,92.0,3.0,38.0
ALB,3.0,3.0,Proteinuria,54.0,92.0,0.0,38.0
ALB,3.0,4.0,Thrombocytopenia,54.0,92.0,1.0,38.0
ALB,5.0,12.0,Pneumonia,54.0,92.0,7.0,38.0
ALB,6.0,11.0,Pancreatitis,54.0,92.0,5.0,38.0
ALB,1.0,4.0,Delirium,54.0,92.0,3.0,38.0
ALB,2.0,6.0,Sepsis,54.0,92.0,4.0,38.0
ALB,11.0,12.0,Hyperlipidemia,54.0,92.0,1.0,38.0
ALB,3.0,3.0,Gastric ulcer,54.0,92.0,0.0,38.0
ALB,4.0,6.0,Edema,54.0,92.0,2.0,38.0
ALOX5,1.0,1.0,Pneumonia,3.0,3.0,0.0,0.0
ALOX5,1.0,1.0,Sepsis,3.0,3.0,0.0,0.0
ALOX5,1.0,1.0,Pancreatitis,3.0,3.0,0.0,0.0
AMY2A,1.0,1.0,Pancreatitis,1.0,1.0,0.0,0.0
ANXA1,1.0,1.0,Sepsis,3.0,3.0,0.0,0.0
ANXA1,1.0,1.0,Pneumonia,3.0,3.0,0.0,0.0
ANXA1,1.0,1.0,Myocardial Infarction,3.0,3.0,0.0,0.0
ANXA2,1.0,1.0,Pancreatitis,4.0,4.0,0.0,0.0
ANXA2,1.0,1.0,Cerebral Infarction,4.0,4.0,0.0,0.0
ANXA2,1.0,1.0,Myocardial Infarction,4.0,4.0,0.0,0.0
ANXA2,1.0,1.0,Hemorrhage,4.0,4.0,0.0,0.0
AOX1,0.0,1.0,Cerebral Infarction,0.0,6.0,1.0,6.0
AOX1,0.0,1.0,Myocardial Infarction,0.0,6.0,1.0,6.0
AOX1,0.0,1.0,Tardive Dyskinesia,0.0,6.0,1.0,6.0
AOX1,0.0,1.0,Hyperlipidemia,0.0,6.0,1.0,6.0
AOX1,0.0,1.0,Pneumonia,0.0,6.0,1.0,6.0
AOX1,0.0,1.0,Delirium,0.0,6.0,1.0,6.0
AR,1.0,1.0,Myocardial Infarction,2.0,4.0,0.0,2.0
AR,1.0,1.0,Hyperlipidemia,2.0,4.0,0.0,2.0
AR,0.0,1.0,Pneumonia,2.0,4.0,1.0,2.0
AR,0.0,1.0,Tardive Dyskinesia,2.0,4.0,1.0,2.0
ATM,1.0,1.0,Thrombocytopenia,6.0,6.0,0.0,0.0
ATM,1.0,1.0,Pancreatitis,6.0,6.0,0.0,0.0
ATM,1.0,1.0,Pulmonary Edema,6.0,6.0,0.0,0.0
ATM,1.0,1.0,Gastric ulcer,6.0,6.0,0.0,0.0
ATM,1.0,1.0,Edema,6.0,6.0,0.0,0.0
ATM,1.0,1.0,Sepsis,6.0,6.0,0.0,0.0
ATP7A,1.0,1.0,Pancreatitis,1.0,1.0,0.0,0.0
ATP7B,1.0,1.0,Pancreatitis,1.0,1.0,0.0,0.0
AVPR1A,1.0,1.0,Sepsis,2.0,2.0,0.0,0.0
AVPR1A,1.0,1.0,Edema,2.0,2.0,0.0,0.0
AVPR1B,1.0,1.0,Edema,1.0,1.0,0.0,0.0
AVPR2,1.0,1.0,Edema,2.0,2.0,0.0,0.0
AVPR2,1.0,1.0,Sepsis,2.0,2.0,0.0,0.0
BAAT,1.0,1.0,Sepsis,2.0,2.0,0.0,0.0
BAAT,1.0,1.0,Hyperlipidemia,2.0,2.0,0.0,0.0
BCAT1,1.0,1.0,Pneumonia,4.0,4.0,0.0,0.0
BCAT1,1.0,1.0,Myocardial Infarction,4.0,4.0,0.0,0.0
BCAT1,1.0,1.0,Hyperlipidemia,4.0,4.0,0.0,0.0
BCAT1,1.0,1.0,Sepsis,4.0,4.0,0.0,0.0
BCHE,0.0,2.0,Sepsis,2.0,8.0,2.0,6.0
BCHE,1.0,2.0,Pneumonia,2.0,8.0,1.0,6.0
BCHE,0.0,1.0,Deep Vein Thrombosis,2.0,8.0,1.0,6.0
BCHE,0.0,1.0,Hemorrhage,2.0,8.0,1.0,6.0
BCHE,0.0,1.0,Gastric ulcer,2.0,8.0,1.0,6.0
BCHE,1.0,1.0,Tardive Dyskinesia,2.0,8.0,0.0,6.0
BCL2,1.0,1.0,Gastric ulcer,1.0,1.0,0.0,0.0
BCR,0.0,1.0,Pulmonary Edema,2.0,5.0,1.0,3.0
BCR,2.0,4.0,Thrombocytopenia,2.0,5.0,2.0,3.0
BDKRB1,0.0,1.0,Proteinuria,0.0,4.0,1.0,4.0
BDKRB1,0.0,1.0,Myocardial Infarction,0.0,4.0,1.0,4.0
BDKRB1,0.0,1.0,Gastric ulcer,0.0,4.0,1.0,4.0
BDKRB1,0.0,1.0,Edema,0.0,4.0,1.0,4.0
BECN1,0.0,1.0,Hyperlipidemia,0.0,2.0,1.0,2.0
BECN1,0.0,1.0,Myocardial Infarction,0.0,2.0,1.0,2.0
BRAF,1.0,1.0,Thrombocytopenia,1.0,1.0,0.0,0.0
BTK,0.0,1.0,Pulmonary Edema,0.0,2.0,1.0,2.0
BTK,0.0,1.0,Thrombocytopenia,0.0,2.0,1.0,2.0
C1QA,1.0,1.0,Thrombocytopenia,3.0,3.0,0.0,0.0
C1QA,2.0,2.0,Pneumonia,3.0,3.0,0.0,0.0
C1QB,2.0,2.0,Pneumonia,3.0,3.0,0.0,0.0
C1QB,1.0,1.0,Thrombocytopenia,3.0,3.0,0.0,0.0
C1QC,2.0,2.0,Pneumonia,3.0,3.0,0.0,0.0
C1QC,1.0,1.0,Thrombocytopenia,3.0,3.0,0.0,0.0
C1R,2.0,2.0,Pneumonia,3.0,3.0,0.0,0.0
C1R,1.0,1.0,Thrombocytopenia,3.0,3.0,0.0,0.0
C1S,1.0,1.0,Thrombocytopenia,2.0,2.0,0.0,0.0
C1S,1.0,1.0,Pneumonia,2.0,2.0,0.0,0.0
C5,1.0,1.0,Sepsis,2.0,2.0,0.0,0.0
C5,1.0,1.0,Pneumonia,2.0,2.0,0.0,0.0
CACNA1B,1.0,0.0,Myocardial Infarction,4.0,0.0,-1.0,-4.0
CACNA1B,1.0,0.0,Hyperlipidemia,4.0,0.0,-1.0,-4.0
CACNA1B,1.0,0.0,Sepsis,4.0,0.0,-1.0,-4.0
CACNA1B,1.0,0.0,Pneumonia,4.0,0.0,-1.0,-4.0
CACNA2D1,1.0,1.0,Sepsis,4.0,4.0,0.0,0.0
CACNA2D1,1.0,1.0,Pneumonia,4.0,4.0,0.0,0.0
CACNA2D1,1.0,1.0,Myocardial Infarction,4.0,4.0,0.0,0.0
CACNA2D1,1.0,1.0,Hyperlipidemia,4.0,4.0,0.0,0.0
CACNA2D2,1.0,1.0,Hyperlipidemia,4.0,4.0,0.0,0.0
CACNA2D2,1.0,1.0,Myocardial Infarction,4.0,4.0,0.0,0.0
CACNA2D2,1.0,1.0,Pneumonia,4.0,4.0,0.0,0.0
CACNA2D2,1.0,1.0,Sepsis,4.0,4.0,0.0,0.0
CALM3,6.0,0.0,Pneumonia,10.0,0.0,-6.0,-10.0
CALM3,4.0,0.0,Tardive Dyskinesia,10.0,0.0,-4.0,-10.0
CALR,1.0,1.0,Hemorrhage,4.0,4.0,0.0,0.0
CALR,1.0,1.0,Pancreatitis,4.0,4.0,0.0,0.0
CALR,1.0,1.0,Myocardial Infarction,4.0,4.0,0.0,0.0
CALR,1.0,1.0,Cerebral Infarction,4.0,4.0,0.0,0.0
CALY,3.0,3.0,Pneumonia,9.0,9.0,0.0,0.0
CALY,2.0,2.0,Myocardial Infarction,9.0,9.0,0.0,0.0
CALY,1.0,1.0,Gastric ulcer,9.0,9.0,0.0,0.0
CALY,1.0,1.0,Tardive Dyskinesia,9.0,9.0,0.0,0.0
CALY,1.0,1.0,Pancreatitis,9.0,9.0,0.0,0.0
CALY,1.0,1.0,Sepsis,9.0,9.0,0.0,0.0
CAMK2G,1.0,1.0,Thrombocytopenia,1.0,1.0,0.0,0.0
CANX,1.0,1.0,Hemorrhage,4.0,4.0,0.0,0.0
CANX,1.0,1.0,Myocardial Infarction,4.0,4.0,0.0,0.0
CANX,1.0,1.0,Pancreatitis,4.0,4.0,0.0,0.0
CANX,1.0,1.0,Cerebral Infarction,4.0,4.0,0.0,0.0
CASP1,1.0,1.0,Pancreatitis,1.0,1.0,0.0,0.0
CASP3,1.0,1.0,Pancreatitis,1.0,1.0,0.0,0.0
CBR1,0.0,1.0,Delirium,3.0,4.0,1.0,1.0
CBR1,2.0,2.0,Pneumonia,3.0,4.0,0.0,1.0
CBR1,1.0,1.0,Tardive Dyskinesia,3.0,4.0,0.0,1.0
CBR3,0.0,1.0,Delirium,0.0,1.0,1.0,1.0
CCL2,1.0,1.0,Myocardial Infarction,1.0,1.0,0.0,0.0
CCR5,1.0,1.0,Myocardial Infarction,2.0,2.0,0.0,0.0
CCR5,1.0,1.0,Pneumonia,2.0,2.0,0.0,0.0
CD80,1.0,1.0,Sepsis,1.0,1.0,0.0,0.0
CD86,1.0,1.0,Sepsis,1.0,1.0,0.0,0.0
CDK2,1.0,1.0,Thrombocytopenia,1.0,1.0,0.0,0.0
CES1,1.0,1.0,Gastric ulcer,2.0,5.0,0.0,3.0
CES1,0.0,1.0,Sepsis,2.0,5.0,1.0,3.0
CES1,0.0,1.0,Myocardial Infarction,2.0,5.0,1.0,3.0
CES1,0.0,1.0,Pancreatitis,2.0,5.0,1.0,3.0
CES1,1.0,1.0,Pneumonia,2.0,5.0,0.0,3.0
CES2,0.0,1.0,Hyperlipidemia,0.0,1.0,1.0,1.0
CFTR,1.0,1.0,Gastric ulcer,1.0,1.0,0.0,0.0
CHRM1,4.0,4.0,Pancreatitis,72.0,65.0,0.0,-7.0
CHRM1,10.0,9.0,Tardive Dyskinesia,72.0,65.0,-1.0,-7.0
CHRM1,4.0,4.0,Hyperlipidemia,72.0,65.0,0.0,-7.0
CHRM1,4.0,4.0,Delirium,72.0,65.0,0.0,-7.0
CHRM1,16.0,15.0,Myocardial Infarction,72.0,65.0,-1.0,-7.0
CHRM1,17.0,16.0,Pneumonia,72.0,65.0,-1.0,-7.0
CHRM1,8.0,6.0,Gastric ulcer,72.0,65.0,-2.0,-7.0
CHRM1,4.0,3.0,Edema,72.0,65.0,-1.0,-7.0
CHRM1,4.0,3.0,Sepsis,72.0,65.0,-1.0,-7.0
CHRM1,1.0,1.0,Cerebral Infarction,72.0,65.0,0.0,-7.0
CHRM2,6.0,5.0,Gastric ulcer,61.0,53.0,-1.0,-8.0
CHRM2,4.0,3.0,Sepsis,61.0,53.0,-1.0,-8.0
CHRM2,1.0,1.0,Cerebral Infarction,61.0,53.0,0.0,-8.0
CHRM2,14.0,12.0,Myocardial Infarction,61.0,53.0,-2.0,-8.0
CHRM2,4.0,4.0,Hyperlipidemia,61.0,53.0,0.0,-8.0
CHRM2,7.0,6.0,Tardive Dyskinesia,61.0,53.0,-1.0,-8.0
CHRM2,4.0,4.0,Delirium,61.0,53.0,0.0,-8.0
CHRM2,4.0,4.0,Pancreatitis,61.0,53.0,0.0,-8.0
CHRM2,4.0,3.0,Edema,61.0,53.0,-1.0,-8.0
CHRM2,13.0,11.0,Pneumonia,61.0,53.0,-2.0,-8.0
CHRM3,14.0,12.0,Myocardial Infarction,63.0,57.0,-2.0,-6.0
CHRM3,4.0,4.0,Hyperlipidemia,63.0,57.0,0.0,-6.0
CHRM3,3.0,2.0,Sepsis,63.0,57.0,-1.0,-6.0
CHRM3,1.0,1.0,Cerebral Infarction,63.0,57.0,0.0,-6.0
CHRM3,4.0,4.0,Delirium,63.0,57.0,0.0,-6.0
CHRM3,4.0,3.0,Edema,63.0,57.0,-1.0,-6.0
CHRM3,6.0,5.0,Gastric ulcer,63.0,57.0,-1.0,-6.0
CHRM3,4.0,4.0,Pancreatitis,63.0,57.0,0.0,-6.0
CHRM3,15.0,14.0,Pneumonia,63.0,57.0,-1.0,-6.0
CHRM3,8.0,8.0,Tardive Dyskinesia,63.0,57.0,0.0,-6.0
CHRM4,11.0,11.0,Pneumonia,54.0,49.0,0.0,-5.0
CHRM4,4.0,4.0,Hyperlipidemia,54.0,49.0,0.0,-5.0
CHRM4,4.0,4.0,Pancreatitis,54.0,49.0,0.0,-5.0
CHRM4,4.0,3.0,Edema,54.0,49.0,-1.0,-5.0
CHRM4,11.0,10.0,Myocardial Infarction,54.0,49.0,-1.0,-5.0
CHRM4,1.0,1.0,Cerebral Infarction,54.0,49.0,0.0,-5.0
CHRM4,4.0,4.0,Delirium,54.0,49.0,0.0,-5.0
CHRM4,3.0,2.0,Sepsis,54.0,49.0,-1.0,-5.0
CHRM4,7.0,6.0,Tardive Dyskinesia,54.0,49.0,-1.0,-5.0
CHRM4,5.0,4.0,Gastric ulcer,54.0,49.0,-1.0,-5.0
CHRM5,10.0,7.0,Myocardial Infarction,52.0,39.0,-3.0,-13.0
CHRM5,3.0,2.0,Sepsis,52.0,39.0,-1.0,-13.0
CHRM5,4.0,3.0,Gastric ulcer,52.0,39.0,-1.0,-13.0
CHRM5,1.0,1.0,Cerebral Infarction,52.0,39.0,0.0,-13.0
CHRM5,4.0,4.0,Delirium,52.0,39.0,0.0,-13.0
CHRM5,11.0,9.0,Pneumonia,52.0,39.0,-2.0,-13.0
CHRM5,4.0,3.0,Pancreatitis,52.0,39.0,-1.0,-13.0
CHRM5,4.0,2.0,Edema,52.0,39.0,-2.0,-13.0
CHRM5,4.0,3.0,Hyperlipidemia,52.0,39.0,-1.0,-13.0
CHRM5,7.0,5.0,Tardive Dyskinesia,52.0,39.0,-2.0,-13.0
CHRNA2,0.0,1.0,Hyperlipidemia,2.0,4.0,1.0,2.0
CHRNA2,1.0,1.0,Gastric ulcer,2.0,4.0,0.0,2.0
CHRNA2,0.0,1.0,Tardive Dyskinesia,2.0,4.0,1.0,2.0
CHRNA2,1.0,1.0,Pneumonia,2.0,4.0,0.0,2.0
CHRNA3,1.0,1.0,Gastric ulcer,2.0,5.0,0.0,3.0
CHRNA3,0.0,1.0,Hyperlipidemia,2.0,5.0,1.0,3.0
CHRNA3,0.0,1.0,Tardive Dyskinesia,2.0,5.0,1.0,3.0
CHRNA3,1.0,2.0,Pneumonia,2.0,5.0,1.0,3.0
CHRNA4,0.0,1.0,Sepsis,2.0,10.0,1.0,8.0
CHRNA4,1.0,2.0,Pneumonia,2.0,10.0,1.0,8.0
CHRNA4,1.0,3.0,Gastric ulcer,2.0,10.0,2.0,8.0
CHRNA4,0.0,2.0,Myocardial Infarction,2.0,10.0,2.0,8.0
CHRNA4,0.0,1.0,Hyperlipidemia,2.0,10.0,1.0,8.0
CHRNA4,0.0,1.0,Pancreatitis,2.0,10.0,1.0,8.0
CHRNA7,1.0,2.0,Pneumonia,2.0,3.0,1.0,1.0
CHRNA7,1.0,1.0,Gastric ulcer,2.0,3.0,0.0,1.0
CHRNB2,0.0,1.0,Sepsis,2.0,7.0,1.0,5.0
CHRNB2,0.0,1.0,Myocardial Infarction,2.0,7.0,1.0,5.0
CHRNB2,0.0,1.0,Pancreatitis,2.0,7.0,1.0,5.0
CHRNB2,1.0,1.0,Pneumonia,2.0,7.0,0.0,5.0
CHRNB2,1.0,3.0,Gastric ulcer,2.0,7.0,2.0,5.0
CHRNB4,1.0,1.0,Pneumonia,2.0,4.0,0.0,2.0
CHRNB4,1.0,1.0,Gastric ulcer,2.0,4.0,0.0,2.0
CHRNB4,0.0,1.0,Tardive Dyskinesia,2.0,4.0,1.0,2.0
CHRNB4,0.0,1.0,Hyperlipidemia,2.0,4.0,1.0,2.0
CHUK,1.0,1.0,Sepsis,1.0,1.0,0.0,0.0
CKS1B,0.0,1.0,Tardive Dyskinesia,0.0,2.0,1.0,2.0
CKS1B,0.0,1.0,Hyperlipidemia,0.0,2.0,1.0,2.0
CLEC3B,1.0,1.0,Myocardial Infarction,4.0,4.0,0.0,0.0
CLEC3B,1.0,1.0,Cerebral Infarction,4.0,4.0,0.0,0.0
CLEC3B,1.0,1.0,Pancreatitis,4.0,4.0,0.0,0.0
CLEC3B,1.0,1.0,Hemorrhage,4.0,4.0,0.0,0.0
CNR1,1.0,1.0,Delirium,1.0,1.0,0.0,0.0
CNR2,1.0,1.0,Delirium,1.0,1.0,0.0,0.0
COMT,0.0,1.0,Myocardial Infarction,0.0,3.0,1.0,3.0
COMT,0.0,1.0,Sepsis,0.0,3.0,1.0,3.0
COMT,0.0,1.0,Edema,0.0,3.0,1.0,3.0
CPNE1,0.0,1.0,Sepsis,0.0,1.0,1.0,1.0
CRBN,1.0,1.0,Gastric ulcer,4.0,4.0,0.0,0.0
CRBN,1.0,1.0,Pneumonia,4.0,4.0,0.0,0.0
CRBN,1.0,1.0,Pulmonary Edema,4.0,4.0,0.0,0.0
CRBN,1.0,1.0,Pancreatitis,4.0,4.0,0.0,0.0
CREB1,1.0,1.0,Pancreatitis,2.0,2.0,0.0,0.0
CREB1,1.0,1.0,Myocardial Infarction,2.0,2.0,0.0,0.0
CSF1R,1.0,1.0,Thrombocytopenia,1.0,1.0,0.0,0.0
CSF2RA,1.0,1.0,Thrombocytopenia,1.0,1.0,0.0,0.0
CSF2RB,1.0,1.0,Thrombocytopenia,1.0,1.0,0.0,0.0
CSF3R,1.0,1.0,Thrombocytopenia,1.0,1.0,0.0,0.0
CSK,0.0,1.0,Pulmonary Edema,0.0,2.0,1.0,2.0
CSK,0.0,1.0,Thrombocytopenia,0.0,2.0,1.0,2.0
CXCL12,1.0,1.0,Hemorrhage,3.0,3.0,0.0,0.0
CXCL12,1.0,1.0,Myocardial Infarction,3.0,3.0,0.0,0.0
CXCL12,1.0,1.0,Pneumonia,3.0,3.0,0.0,0.0
CXCR1,1.0,1.0,Pancreatitis,3.0,3.0,0.0,0.0
CXCR1,1.0,1.0,Sepsis,3.0,3.0,0.0,0.0
CXCR1,1.0,1.0,Myocardial Infarction,3.0,3.0,0.0,0.0
CYCS,1.0,1.0,Pancreatitis,1.0,1.0,0.0,0.0
CYP11A1,1.0,0.0,Pneumonia,5.0,1.0,-1.0,-4.0
CYP11A1,1.0,0.0,Myocardial Infarction,5.0,1.0,-1.0,-4.0
CYP11A1,2.0,1.0,Hyperlipidemia,5.0,1.0,-1.0,-4.0
CYP11A1,1.0,0.0,Sepsis,5.0,1.0,-1.0,-4.0
CYP11B1,0.0,1.0,Myocardial Infarction,0.0,3.0,1.0,3.0
CYP11B1,0.0,1.0,Pneumonia,0.0,3.0,1.0,3.0
CYP11B1,0.0,1.0,Sepsis,0.0,3.0,1.0,3.0
CYP11B2,1.0,0.0,Myocardial Infarction,2.0,0.0,-1.0,-2.0
CYP11B2,1.0,0.0,Pneumonia,2.0,0.0,-1.0,-2.0
CYP17A1,2.0,1.0,Pneumonia,5.0,3.0,-1.0,-2.0
CYP17A1,1.0,1.0,Sepsis,5.0,3.0,0.0,-2.0
CYP17A1,2.0,1.0,Myocardial Infarction,5.0,3.0,-1.0,-2.0
CYP19A1,2.0,1.0,Myocardial Infarction,6.0,2.0,-1.0,-4.0
CYP19A1,1.0,1.0,Hyperlipidemia,6.0,2.0,0.0,-4.0
CYP19A1,1.0,0.0,Thrombocytopenia,6.0,2.0,-1.0,-4.0
CYP19A1,1.0,0.0,Sepsis,6.0,2.0,-1.0,-4.0
CYP19A1,1.0,0.0,Pneumonia,6.0,2.0,-1.0,-4.0
CYP1A1,5.0,4.0,Sepsis,39.0,35.0,-1.0,-4.0
CYP1A1,3.0,3.0,Gastric ulcer,39.0,35.0,0.0,-4.0
CYP1A1,4.0,3.0,Hyperlipidemia,39.0,35.0,-1.0,-4.0
CYP1A1,3.0,3.0,Thrombocytopenia,39.0,35.0,0.0,-4.0
CYP1A1,4.0,4.0,Pneumonia,39.0,35.0,0.0,-4.0
CYP1A1,2.0,2.0,Edema,39.0,35.0,0.0,-4.0
CYP1A1,3.0,3.0,Tardive Dyskinesia,39.0,35.0,0.0,-4.0
CYP1A1,6.0,5.0,Pancreatitis,39.0,35.0,-1.0,-4.0
CYP1A1,1.0,0.0,Delirium,39.0,35.0,-1.0,-4.0
CYP1A1,3.0,3.0,Pulmonary Edema,39.0,35.0,0.0,-4.0
CYP1A1,5.0,5.0,Myocardial Infarction,39.0,35.0,0.0,-4.0
CYP1A2,1.0,0.0,Cerebral Infarction,121.0,87.0,-1.0,-34.0
CYP1A2,6.0,5.0,Hyperlipidemia,121.0,87.0,-1.0,-34.0
CYP1A2,9.0,7.0,Sepsis,121.0,87.0,-2.0,-34.0
CYP1A2,25.0,18.0,Myocardial Infarction,121.0,87.0,-7.0,-34.0
CYP1A2,24.0,17.0,Pneumonia,121.0,87.0,-7.0,-34.0
CYP1A2,15.0,12.0,Tardive Dyskinesia,121.0,87.0,-3.0,-34.0
CYP1A2,6.0,6.0,Thrombocytopenia,121.0,87.0,0.0,-34.0
CYP1A2,4.0,1.0,Delirium,121.0,87.0,-3.0,-34.0
CYP1A2,8.0,4.0,Pancreatitis,121.0,87.0,-4.0,-34.0
CYP1A2,12.0,9.0,Gastric ulcer,121.0,87.0,-3.0,-34.0
CYP1A2,8.0,6.0,Edema,121.0,87.0,-2.0,-34.0
CYP1A2,3.0,2.0,Pulmonary Edema,121.0,87.0,-1.0,-34.0
CYP1B1,3.0,1.0,Myocardial Infarction,25.0,15.0,-2.0,-10.0
CYP1B1,1.0,1.0,Edema,25.0,15.0,0.0,-10.0
CYP1B1,4.0,4.0,Thrombocytopenia,25.0,15.0,0.0,-10.0
CYP1B1,2.0,1.0,Gastric ulcer,25.0,15.0,-1.0,-10.0
CYP1B1,3.0,3.0,Hyperlipidemia,25.0,15.0,0.0,-10.0
CYP1B1,3.0,1.0,Pancreatitis,25.0,15.0,-2.0,-10.0
CYP1B1,2.0,0.0,Pneumonia,25.0,15.0,-2.0,-10.0
CYP1B1,1.0,0.0,Tardive Dyskinesia,25.0,15.0,-1.0,-10.0
CYP1B1,2.0,2.0,Pulmonary Edema,25.0,15.0,0.0,-10.0
CYP1B1,4.0,2.0,Sepsis,25.0,15.0,-2.0,-10.0
CYP2A13,1.0,1.0,Hyperlipidemia,1.0,1.0,0.0,0.0
CYP2A6,2.0,2.0,Gastric ulcer,22.0,18.0,0.0,-4.0
CYP2A6,3.0,3.0,Sepsis,22.0,18.0,0.0,-4.0
CYP2A6,1.0,1.0,Pancreatitis,22.0,18.0,0.0,-4.0
CYP2A6,3.0,2.0,Hyperlipidemia,22.0,18.0,-1.0,-4.0
CYP2A6,5.0,4.0,Pneumonia,22.0,18.0,-1.0,-4.0
CYP2A6,2.0,2.0,Tardive Dyskinesia,22.0,18.0,0.0,-4.0
CYP2A6,5.0,4.0,Myocardial Infarction,22.0,18.0,-1.0,-4.0
CYP2A6,1.0,0.0,Delirium,22.0,18.0,-1.0,-4.0
CYP2B6,1.0,1.0,Delirium,39.0,35.0,0.0,-4.0
CYP2B6,5.0,5.0,Hyperlipidemia,39.0,35.0,0.0,-4.0
CYP2B6,5.0,4.0,Tardive Dyskinesia,39.0,35.0,-1.0,-4.0
CYP2B6,4.0,4.0,Sepsis,39.0,35.0,0.0,-4.0
CYP2B6,6.0,4.0,Gastric ulcer,39.0,35.0,-2.0,-4.0
CYP2B6,7.0,6.0,Myocardial Infarction,39.0,35.0,-1.0,-4.0
CYP2B6,9.0,9.0,Pneumonia,39.0,35.0,0.0,-4.0
CYP2B6,1.0,1.0,Thrombocytopenia,39.0,35.0,0.0,-4.0
CYP2B6,1.0,1.0,Edema,39.0,35.0,0.0,-4.0
CYP2C18,1.0,1.0,Tardive Dyskinesia,11.0,7.0,0.0,-4.0
CYP2C18,1.0,1.0,Delirium,11.0,7.0,0.0,-4.0
CYP2C18,2.0,2.0,Hyperlipidemia,11.0,7.0,0.0,-4.0
CYP2C18,3.0,1.0,Myocardial Infarction,11.0,7.0,-2.0,-4.0
CYP2C18,2.0,2.0,Pneumonia,11.0,7.0,0.0,-4.0
CYP2C18,2.0,0.0,Gastric ulcer,11.0,7.0,-2.0,-4.0
CYP2C19,16.0,17.0,Pneumonia,81.0,79.0,1.0,-2.0
CYP2C19,1.0,1.0,Pulmonary Edema,81.0,79.0,0.0,-2.0
CYP2C19,14.0,14.0,Myocardial Infarction,81.0,79.0,0.0,-2.0
CYP2C19,2.0,1.0,Thrombocytopenia,81.0,79.0,-1.0,-2.0
CYP2C19,5.0,6.0,Sepsis,81.0,79.0,1.0,-2.0
CYP2C19,3.0,3.0,Edema,81.0,79.0,0.0,-2.0
CYP2C19,8.0,9.0,Gastric ulcer,81.0,79.0,1.0,-2.0
CYP2C19,4.0,4.0,Pancreatitis,81.0,79.0,0.0,-2.0
CYP2C19,5.0,4.0,Delirium,81.0,79.0,-1.0,-2.0
CYP2C19,12.0,10.0,Hyperlipidemia,81.0,79.0,-2.0,-2.0
CYP2C19,11.0,10.0,Tardive Dyskinesia,81.0,79.0,-1.0,-2.0
CYP2C8,4.0,4.0,Tardive Dyskinesia,59.0,50.0,0.0,-9.0
CYP2C8,0.0,1.0,Cerebral Infarction,59.0,50.0,1.0,-9.0
CYP2C8,11.0,8.0,Myocardial Infarction,59.0,50.0,-3.0,-9.0
CYP2C8,4.0,3.0,Pancreatitis,59.0,50.0,-1.0,-9.0
CYP2C8,7.0,5.0,Gastric ulcer,59.0,50.0,-2.0,-9.0
CYP2C8,1.0,1.0,Pulmonary Edema,59.0,50.0,0.0,-9.0
CYP2C8,0.0,1.0,Peripheral Neuropathy,59.0,50.0,1.0,-9.0
CYP2C8,9.0,7.0,Sepsis,59.0,50.0,-2.0,-9.0
CYP2C8,2.0,2.0,Edema,59.0,50.0,0.0,-9.0
CYP2C8,5.0,7.0,Thrombocytopenia,59.0,50.0,2.0,-9.0
CYP2C8,6.0,5.0,Hyperlipidemia,59.0,50.0,-1.0,-9.0
CYP2C8,10.0,6.0,Pneumonia,59.0,50.0,-4.0,-9.0
CYP2C9,11.0,7.0,Sepsis,89.0,77.0,-4.0,-12.0
CYP2C9,3.0,3.0,Thrombocytopenia,89.0,77.0,0.0,-12.0
CYP2C9,8.0,8.0,Tardive Dyskinesia,89.0,77.0,0.0,-12.0
CYP2C9,5.0,5.0,Pancreatitis,89.0,77.0,0.0,-12.0
CYP2C9,9.0,8.0,Hyperlipidemia,89.0,77.0,-1.0,-12.0
CYP2C9,1.0,1.0,Peripheral Neuropathy,89.0,77.0,0.0,-12.0
CYP2C9,2.0,2.0,Delirium,89.0,77.0,0.0,-12.0
CYP2C9,10.0,10.0,Gastric ulcer,89.0,77.0,0.0,-12.0
CYP2C9,16.0,13.0,Pneumonia,89.0,77.0,-3.0,-12.0
CYP2C9,1.0,1.0,Cerebral Infarction,89.0,77.0,0.0,-12.0
CYP2C9,15.0,12.0,Myocardial Infarction,89.0,77.0,-3.0,-12.0
CYP2C9,6.0,5.0,Edema,89.0,77.0,-1.0,-12.0
CYP2C9,2.0,2.0,Pulmonary Edema,89.0,77.0,0.0,-12.0
CYP2D6,23.0,22.0,Tardive Dyskinesia,158.0,132.0,-1.0,-26.0
CYP2D6,1.0,0.0,Cerebral Infarction,158.0,132.0,-1.0,-26.0
CYP2D6,1.0,0.0,Proteinuria,158.0,132.0,-1.0,-26.0
CYP2D6,32.0,25.0,Myocardial Infarction,158.0,132.0,-7.0,-26.0
CYP2D6,8.0,7.0,Pancreatitis,158.0,132.0,-1.0,-26.0
CYP2D6,9.0,7.0,Edema,158.0,132.0,-2.0,-26.0
CYP2D6,1.0,1.0,Pulmonary Edema,158.0,132.0,0.0,-26.0
CYP2D6,14.0,11.0,Gastric ulcer,158.0,132.0,-3.0,-26.0
CYP2D6,11.0,8.0,Sepsis,158.0,132.0,-3.0,-26.0
CYP2D6,37.0,33.0,Pneumonia,158.0,132.0,-4.0,-26.0
CYP2D6,7.0,5.0,Hyperlipidemia,158.0,132.0,-2.0,-26.0
CYP2D6,5.0,5.0,Thrombocytopenia,158.0,132.0,0.0,-26.0
CYP2D6,9.0,8.0,Delirium,158.0,132.0,-1.0,-26.0
CYP2E1,1.0,1.0,Hyperlipidemia,53.0,35.0,0.0,-18.0
CYP2E1,5.0,3.0,Pancreatitis,53.0,35.0,-2.0,-18.0
CYP2E1,1.0,1.0,Thrombocytopenia,53.0,35.0,0.0,-18.0
CYP2E1,8.0,4.0,Tardive Dyskinesia,53.0,35.0,-4.0,-18.0
CYP2E1,6.0,6.0,Sepsis,53.0,35.0,0.0,-18.0
CYP2E1,2.0,2.0,Delirium,53.0,35.0,0.0,-18.0
CYP2E1,5.0,2.0,Gastric ulcer,53.0,35.0,-3.0,-18.0
CYP2E1,4.0,3.0,Edema,53.0,35.0,-1.0,-18.0
CYP2E1,12.0,7.0,Pneumonia,53.0,35.0,-5.0,-18.0
CYP2E1,7.0,4.0,Myocardial Infarction,53.0,35.0,-3.0,-18.0
CYP2E1,2.0,2.0,Pulmonary Edema,53.0,35.0,0.0,-18.0
CYP3A4,2.0,2.0,Cerebral Infarction,179.0,187.0,0.0,8.0
CYP3A4,36.0,38.0,Pneumonia,179.0,187.0,2.0,8.0
CYP3A4,10.0,10.0,Edema,179.0,187.0,0.0,8.0
CYP3A4,1.0,1.0,Peripheral Neuropathy,179.0,187.0,0.0,8.0
CYP3A4,10.0,11.0,Pancreatitis,179.0,187.0,1.0,8.0
CYP3A4,14.0,13.0,Hyperlipidemia,179.0,187.0,-1.0,8.0
CYP3A4,12.0,14.0,Thrombocytopenia,179.0,187.0,2.0,8.0
CYP3A4,20.0,20.0,Tardive Dyskinesia,179.0,187.0,0.0,8.0
CYP3A4,2.0,2.0,Pulmonary Edema,179.0,187.0,0.0,8.0
CYP3A4,11.0,10.0,Delirium,179.0,187.0,-1.0,8.0
CYP3A4,12.0,14.0,Gastric ulcer,179.0,187.0,2.0,8.0
CYP3A4,1.0,1.0,Proteinuria,179.0,187.0,0.0,8.0
CYP3A4,14.0,14.0,Sepsis,179.0,187.0,0.0,8.0
CYP3A4,34.0,37.0,Myocardial Infarction,179.0,187.0,3.0,8.0
CYP3A43,1.0,1.0,Sepsis,4.0,4.0,0.0,0.0
CYP3A43,1.0,1.0,Hyperlipidemia,4.0,4.0,0.0,0.0
CYP3A43,1.0,1.0,Myocardial Infarction,4.0,4.0,0.0,0.0
CYP3A43,1.0,1.0,Pneumonia,4.0,4.0,0.0,0.0
CYP3A5,4.0,3.0,Edema,87.0,61.0,-1.0,-26.0
CYP3A5,6.0,3.0,Sepsis,87.0,61.0,-3.0,-26.0
CYP3A5,18.0,12.0,Pneumonia,87.0,61.0,-6.0,-26.0
CYP3A5,1.0,0.0,Cerebral Infarction,87.0,61.0,-1.0,-26.0
CYP3A5,11.0,8.0,Myocardial Infarction,87.0,61.0,-3.0,-26.0
CYP3A5,13.0,10.0,Tardive Dyskinesia,87.0,61.0,-3.0,-26.0
CYP3A5,5.0,3.0,Gastric ulcer,87.0,61.0,-2.0,-26.0
CYP3A5,3.0,2.0,Pulmonary Edema,87.0,61.0,-1.0,-26.0
CYP3A5,6.0,5.0,Thrombocytopenia,87.0,61.0,-1.0,-26.0
CYP3A5,7.0,5.0,Delirium,87.0,61.0,-2.0,-26.0
CYP3A5,8.0,7.0,Hyperlipidemia,87.0,61.0,-1.0,-26.0
CYP3A5,5.0,3.0,Pancreatitis,87.0,61.0,-2.0,-26.0
CYP3A7,0.0,2.0,Gastric ulcer,0.0,43.0,2.0,43.0
CYP3A7,0.0,10.0,Pneumonia,0.0,43.0,10.0,43.0
CYP3A7,0.0,2.0,Thrombocytopenia,0.0,43.0,2.0,43.0
CYP3A7,0.0,7.0,Tardive Dyskinesia,0.0,43.0,7.0,43.0
CYP3A7,0.0,3.0,Sepsis,0.0,43.0,3.0,43.0
CYP3A7,0.0,2.0,Pancreatitis,0.0,43.0,2.0,43.0
CYP3A7,0.0,7.0,Myocardial Infarction,0.0,43.0,7.0,43.0
CYP3A7,0.0,5.0,Hyperlipidemia,0.0,43.0,5.0,43.0
CYP3A7,0.0,5.0,Delirium,0.0,43.0,5.0,43.0
CYP4A11,1.0,1.0,Pneumonia,3.0,3.0,0.0,0.0
CYP4A11,1.0,1.0,Myocardial Infarction,3.0,3.0,0.0,0.0
CYP4A11,1.0,1.0,Sepsis,3.0,3.0,0.0,0.0
DDC,2.0,2.0,Pneumonia,5.0,5.0,0.0,0.0
DDC,1.0,1.0,Myocardial Infarction,5.0,5.0,0.0,0.0
DDC,2.0,2.0,Pancreatitis,5.0,5.0,0.0,0.0
DDR1,1.0,1.0,Thrombocytopenia,1.0,1.0,0.0,0.0
DDR2,1.0,1.0,Thrombocytopenia,1.0,1.0,0.0,0.0
DPP4,1.0,1.0,Edema,1.0,1.0,0.0,0.0
DRD1,12.0,10.0,Myocardial Infarction,80.0,72.0,-2.0,-8.0
DRD1,6.0,6.0,Edema,80.0,72.0,0.0,-8.0
DRD1,3.0,1.0,Sepsis,80.0,72.0,-2.0,-8.0
DRD1,1.0,1.0,Cerebral Infarction,80.0,72.0,0.0,-8.0
DRD1,6.0,6.0,Pancreatitis,80.0,72.0,0.0,-8.0
DRD1,4.0,4.0,Hyperlipidemia,80.0,72.0,0.0,-8.0
DRD1,5.0,5.0,Delirium,80.0,72.0,0.0,-8.0
DRD1,22.0,20.0,Pneumonia,80.0,72.0,-2.0,-8.0
DRD1,5.0,3.0,Gastric ulcer,80.0,72.0,-2.0,-8.0
DRD1,16.0,16.0,Tardive Dyskinesia,80.0,72.0,0.0,-8.0
DRD2,5.0,6.0,Gastric ulcer,108.0,111.0,1.0,3.0
DRD2,18.0,19.0,Tardive Dyskinesia,108.0,111.0,1.0,3.0
DRD2,19.0,20.0,Myocardial Infarction,108.0,111.0,1.0,3.0
DRD2,4.0,5.0,Sepsis,108.0,111.0,1.0,3.0
DRD2,1.0,1.0,Cerebral Infarction,108.0,111.0,0.0,3.0
DRD2,5.0,5.0,Hyperlipidemia,108.0,111.0,0.0,3.0
DRD2,7.0,7.0,Edema,108.0,111.0,0.0,3.0
DRD2,6.0,6.0,Pancreatitis,108.0,111.0,0.0,3.0
DRD2,35.0,34.0,Pneumonia,108.0,111.0,-1.0,3.0
DRD2,8.0,8.0,Delirium,108.0,111.0,0.0,3.0
DRD3,14.0,15.0,Tardive Dyskinesia,76.0,76.0,1.0,0.0
DRD3,6.0,6.0,Edema,76.0,76.0,0.0,0.0
DRD3,20.0,19.0,Pneumonia,76.0,76.0,-1.0,0.0
DRD3,6.0,6.0,Pancreatitis,76.0,76.0,0.0,0.0
DRD3,1.0,1.0,Cerebral Infarction,76.0,76.0,0.0,0.0
DRD3,4.0,4.0,Hyperlipidemia,76.0,76.0,0.0,0.0
DRD3,5.0,5.0,Gastric ulcer,76.0,76.0,0.0,0.0
DRD3,12.0,11.0,Myocardial Infarction,76.0,76.0,-1.0,0.0
DRD3,3.0,3.0,Sepsis,76.0,76.0,0.0,0.0
DRD3,5.0,6.0,Delirium,76.0,76.0,1.0,0.0
DRD4,17.0,17.0,Pneumonia,70.0,72.0,0.0,2.0
DRD4,6.0,6.0,Edema,70.0,72.0,0.0,2.0
DRD4,3.0,3.0,Sepsis,70.0,72.0,0.0,2.0
DRD4,6.0,6.0,Pancreatitis,70.0,72.0,0.0,2.0
DRD4,11.0,11.0,Myocardial Infarction,70.0,72.0,0.0,2.0
DRD4,12.0,13.0,Tardive Dyskinesia,70.0,72.0,1.0,2.0
DRD4,5.0,6.0,Delirium,70.0,72.0,1.0,2.0
DRD4,5.0,5.0,Gastric ulcer,70.0,72.0,0.0,2.0
DRD4,1.0,1.0,Cerebral Infarction,70.0,72.0,0.0,2.0
DRD4,4.0,4.0,Hyperlipidemia,70.0,72.0,0.0,2.0
DRD5,6.0,6.0,Tardive Dyskinesia,50.0,42.0,0.0,-8.0
DRD5,2.0,0.0,Sepsis,50.0,42.0,-2.0,-8.0
DRD5,4.0,4.0,Pancreatitis,50.0,42.0,0.0,-8.0
DRD5,5.0,5.0,Edema,50.0,42.0,0.0,-8.0
DRD5,9.0,7.0,Myocardial Infarction,50.0,42.0,-2.0,-8.0
DRD5,4.0,4.0,Delirium,50.0,42.0,0.0,-8.0
DRD5,4.0,2.0,Gastric ulcer,50.0,42.0,-2.0,-8.0
DRD5,4.0,4.0,Hyperlipidemia,50.0,42.0,0.0,-8.0
DRD5,1.0,1.0,Cerebral Infarction,50.0,42.0,0.0,-8.0
DRD5,11.0,9.0,Pneumonia,50.0,42.0,-2.0,-8.0
EGFR,1.0,1.0,Proteinuria,7.0,7.0,0.0,0.0
EGFR,1.0,1.0,Gastric ulcer,7.0,7.0,0.0,0.0
EGFR,4.0,4.0,Thrombocytopenia,7.0,7.0,0.0,0.0
EGFR,1.0,1.0,Pancreatitis,7.0,7.0,0.0,0.0
ELANE,1.0,1.0,Thrombocytopenia,1.0,1.0,0.0,0.0
EPHA2,2.0,2.0,Thrombocytopenia,3.0,3.0,0.0,0.0
EPHA2,1.0,1.0,Pulmonary Edema,3.0,3.0,0.0,0.0
EPHA5,0.0,1.0,Pulmonary Edema,0.0,2.0,1.0,2.0
EPHA5,0.0,1.0,Thrombocytopenia,0.0,2.0,1.0,2.0
EPHB4,0.0,1.0,Thrombocytopenia,0.0,2.0,1.0,2.0
EPHB4,0.0,1.0,Pulmonary Edema,0.0,2.0,1.0,2.0
ERBB2,2.0,2.0,Thrombocytopenia,3.0,3.0,0.0,0.0
ERBB2,1.0,1.0,Myocardial Infarction,3.0,3.0,0.0,0.0
ESR1,1.0,1.0,Pancreatitis,5.0,6.0,0.0,1.0
ESR1,1.0,2.0,Hyperlipidemia,5.0,6.0,1.0,1.0
ESR1,3.0,3.0,Myocardial Infarction,5.0,6.0,0.0,1.0
ESR2,1.0,1.0,Hyperlipidemia,2.0,2.0,0.0,0.0
ESR2,1.0,1.0,Myocardial Infarction,2.0,2.0,0.0,0.0
ESRRG,0.0,1.0,Hyperlipidemia,0.0,2.0,1.0,2.0
ESRRG,0.0,1.0,Myocardial Infarction,0.0,2.0,1.0,2.0
F10,2.0,2.0,Hyperlipidemia,5.0,5.0,0.0,0.0
F10,2.0,2.0,Hemorrhage,5.0,5.0,0.0,0.0
F10,1.0,1.0,Myocardial Infarction,5.0,5.0,0.0,0.0
F2,1.0,1.0,Sepsis,2.0,2.0,0.0,0.0
F2,1.0,1.0,Hemorrhage,2.0,2.0,0.0,0.0
FAAH,1.0,1.0,Hyperlipidemia,1.0,1.0,0.0,0.0
FABP2,1.0,1.0,Gastric ulcer,3.0,3.0,0.0,0.0
FABP2,1.0,1.0,Myocardial Infarction,3.0,3.0,0.0,0.0
FABP2,1.0,1.0,Hyperlipidemia,3.0,3.0,0.0,0.0
FCGR1A,1.0,1.0,Thrombocytopenia,3.0,3.0,0.0,0.0
FCGR1A,2.0,2.0,Pneumonia,3.0,3.0,0.0,0.0
FCGR2A,1.0,1.0,Thrombocytopenia,3.0,3.0,0.0,0.0
FCGR2A,2.0,2.0,Pneumonia,3.0,3.0,0.0,0.0
FCGR2B,2.0,2.0,Pneumonia,3.0,3.0,0.0,0.0
FCGR2B,1.0,1.0,Thrombocytopenia,3.0,3.0,0.0,0.0
FCGR2C,2.0,2.0,Pneumonia,3.0,3.0,0.0,0.0
FCGR2C,1.0,1.0,Thrombocytopenia,3.0,3.0,0.0,0.0
FCGR3A,1.0,1.0,Thrombocytopenia,3.0,3.0,0.0,0.0
FCGR3A,2.0,2.0,Pneumonia,3.0,3.0,0.0,0.0
FCGR3B,2.0,2.0,Pneumonia,3.0,3.0,0.0,0.0
FCGR3B,1.0,1.0,Thrombocytopenia,3.0,3.0,0.0,0.0
FGA,3.0,3.0,Cerebral Infarction,11.0,11.0,0.0,0.0
FGA,1.0,1.0,Deep Vein Thrombosis,11.0,11.0,0.0,0.0
FGA,2.0,2.0,Myocardial Infarction,11.0,11.0,0.0,0.0
FGA,1.0,1.0,Sepsis,11.0,11.0,0.0,0.0
FGA,3.0,3.0,Hemorrhage,11.0,11.0,0.0,0.0
FGA,1.0,1.0,Pancreatitis,11.0,11.0,0.0,0.0
FGF1,0.0,1.0,Myocardial Infarction,1.0,4.0,1.0,3.0
FGF1,1.0,1.0,Thrombocytopenia,1.0,4.0,0.0,3.0
FGF1,0.0,1.0,Hemorrhage,1.0,4.0,1.0,3.0
FGF1,0.0,1.0,Hyperlipidemia,1.0,4.0,1.0,3.0
FGF19,0.0,1.0,Hemorrhage,0.0,3.0,1.0,3.0
FGF19,0.0,1.0,Myocardial Infarction,0.0,3.0,1.0,3.0
FGF19,0.0,1.0,Hyperlipidemia,0.0,3.0,1.0,3.0
FGF2,0.0,1.0,Hemorrhage,2.0,5.0,1.0,3.0
FGF2,1.0,1.0,Thrombocytopenia,2.0,5.0,0.0,3.0
FGF2,0.0,1.0,Myocardial Infarction,2.0,5.0,1.0,3.0
FGF2,1.0,1.0,Pneumonia,2.0,5.0,0.0,3.0
FGF2,0.0,1.0,Hyperlipidemia,2.0,5.0,1.0,3.0
FGF4,0.0,1.0,Hyperlipidemia,0.0,3.0,1.0,3.0
FGF4,0.0,1.0,Hemorrhage,0.0,3.0,1.0,3.0
FGF4,0.0,1.0,Myocardial Infarction,0.0,3.0,1.0,3.0
FGFR1,1.0,1.0,Pancreatitis,5.0,8.0,0.0,3.0
FGFR1,0.0,1.0,Hyperlipidemia,5.0,8.0,1.0,3.0
FGFR1,0.0,1.0,Myocardial Infarction,5.0,8.0,1.0,3.0
FGFR1,1.0,1.0,Pneumonia,5.0,8.0,0.0,3.0
FGFR1,0.0,1.0,Hemorrhage,5.0,8.0,1.0,3.0
FGFR1,3.0,3.0,Thrombocytopenia,5.0,8.0,0.0,3.0
FGFR2,0.0,1.0,Hemorrhage,9.0,12.0,1.0,3.0
FGFR2,0.0,1.0,Myocardial Infarction,9.0,12.0,1.0,3.0
FGFR2,3.0,3.0,Thrombocytopenia,9.0,12.0,0.0,3.0
FGFR2,1.0,1.0,Gastric ulcer,9.0,12.0,0.0,3.0
FGFR2,1.0,1.0,Pulmonary Edema,9.0,12.0,0.0,3.0
FGFR2,0.0,1.0,Hyperlipidemia,9.0,12.0,1.0,3.0
FGFR2,2.0,2.0,Pancreatitis,9.0,12.0,0.0,3.0
FGFR2,2.0,2.0,Pneumonia,9.0,12.0,0.0,3.0
FGFR3,3.0,3.0,Thrombocytopenia,5.0,5.0,0.0,0.0
FGFR3,1.0,1.0,Pancreatitis,5.0,5.0,0.0,0.0
FGFR3,1.0,1.0,Pneumonia,5.0,5.0,0.0,0.0
FGFR4,0.0,1.0,Myocardial Infarction,1.0,4.0,1.0,3.0
FGFR4,0.0,1.0,Hyperlipidemia,1.0,4.0,1.0,3.0
FGFR4,1.0,1.0,Thrombocytopenia,1.0,4.0,0.0,3.0
FGFR4,0.0,1.0,Hemorrhage,1.0,4.0,1.0,3.0
FGR,0.0,1.0,Thrombocytopenia,0.0,2.0,1.0,2.0
FGR,0.0,1.0,Pulmonary Edema,0.0,2.0,1.0,2.0
FKBP1A,1.0,1.0,Thrombocytopenia,3.0,3.0,0.0,0.0
FKBP1A,1.0,1.0,Hyperlipidemia,3.0,3.0,0.0,0.0
FKBP1A,1.0,1.0,Pneumonia,3.0,3.0,0.0,0.0
FLT1,1.0,1.0,Pneumonia,5.0,5.0,0.0,0.0
FLT1,3.0,3.0,Thrombocytopenia,5.0,5.0,0.0,0.0
FLT1,1.0,1.0,Pancreatitis,5.0,5.0,0.0,0.0
FLT3,2.0,2.0,Thrombocytopenia,4.0,4.0,0.0,0.0
FLT3,1.0,1.0,Pneumonia,4.0,4.0,0.0,0.0
FLT3,1.0,1.0,Pancreatitis,4.0,4.0,0.0,0.0
FLT4,1.0,1.0,Pneumonia,5.0,5.0,0.0,0.0
FLT4,3.0,3.0,Thrombocytopenia,5.0,5.0,0.0,0.0
FLT4,1.0,1.0,Pancreatitis,5.0,5.0,0.0,0.0
FMO1,1.0,1.0,Pancreatitis,4.0,4.0,0.0,0.0
FMO1,1.0,1.0,Thrombocytopenia,4.0,4.0,0.0,0.0
FMO1,1.0,1.0,Proteinuria,4.0,4.0,0.0,0.0
FMO1,1.0,1.0,Gastric ulcer,4.0,4.0,0.0,0.0
FMO3,2.0,2.0,Tardive Dyskinesia,17.0,17.0,0.0,0.0
FMO3,1.0,1.0,Edema,17.0,17.0,0.0,0.0
FMO3,1.0,1.0,Gastric ulcer,17.0,17.0,0.0,0.0
FMO3,3.0,3.0,Pancreatitis,17.0,17.0,0.0,0.0
FMO3,2.0,2.0,Pneumonia,17.0,17.0,0.0,0.0
FMO3,1.0,1.0,Sepsis,17.0,17.0,0.0,0.0
FMO3,1.0,1.0,Proteinuria,17.0,17.0,0.0,0.0
FMO3,2.0,2.0,Myocardial Infarction,17.0,17.0,0.0,0.0
FMO3,1.0,1.0,Hyperlipidemia,17.0,17.0,0.0,0.0
FMO3,1.0,1.0,Pulmonary Edema,17.0,17.0,0.0,0.0
FMO3,2.0,2.0,Thrombocytopenia,17.0,17.0,0.0,0.0
FRK,1.0,2.0,Thrombocytopenia,1.0,3.0,1.0,2.0
FRK,0.0,1.0,Pulmonary Edema,1.0,3.0,1.0,2.0
FYN,1.0,1.0,Pulmonary Edema,2.0,2.0,0.0,0.0
FYN,1.0,1.0,Thrombocytopenia,2.0,2.0,0.0,0.0
GABRA1,1.0,1.0,Pneumonia,3.0,3.0,0.0,0.0
GABRA1,1.0,1.0,Myocardial Infarction,3.0,3.0,0.0,0.0
GABRA1,1.0,1.0,Tardive Dyskinesia,3.0,3.0,0.0,0.0
GABRB2,1.0,1.0,Hyperlipidemia,1.0,1.0,0.0,0.0
GABRB3,1.0,1.0,Hyperlipidemia,1.0,1.0,0.0,0.0
GARS,1.0,0.0,Hyperlipidemia,2.0,0.0,-1.0,-2.0
GARS,1.0,0.0,Sepsis,2.0,0.0,-1.0,-2.0
GARS1,0.0,1.0,Hyperlipidemia,0.0,2.0,1.0,2.0
GARS1,0.0,1.0,Sepsis,0.0,2.0,1.0,2.0
GATM,1.0,1.0,Hyperlipidemia,2.0,2.0,0.0,0.0
GATM,1.0,1.0,Sepsis,2.0,2.0,0.0,0.0
GCAT,1.0,1.0,Hyperlipidemia,2.0,2.0,0.0,0.0
GCAT,1.0,1.0,Sepsis,2.0,2.0,0.0,0.0
GCSH,1.0,1.0,Hyperlipidemia,2.0,2.0,0.0,0.0
GCSH,1.0,1.0,Sepsis,2.0,2.0,0.0,0.0
GJA1,1.0,1.0,Edema,1.0,1.0,0.0,0.0
GLDC,1.0,1.0,Sepsis,2.0,2.0,0.0,0.0
GLDC,1.0,1.0,Hyperlipidemia,2.0,2.0,0.0,0.0
GLP1R,1.0,1.0,Edema,1.0,1.0,0.0,0.0
GLRA1,1.0,2.0,Sepsis,2.0,6.0,1.0,4.0
GLRA1,0.0,1.0,Myocardial Infarction,2.0,6.0,1.0,4.0
GLRA1,0.0,1.0,Gastric ulcer,2.0,6.0,1.0,4.0
GLRA1,1.0,1.0,Hyperlipidemia,2.0,6.0,0.0,4.0
GLRA1,0.0,1.0,Pancreatitis,2.0,6.0,1.0,4.0
GLRA2,1.0,1.0,Sepsis,2.0,2.0,0.0,0.0
GLRA2,1.0,1.0,Hyperlipidemia,2.0,2.0,0.0,0.0
GLRA3,1.0,1.0,Hyperlipidemia,2.0,2.0,0.0,0.0
GLRA3,1.0,1.0,Sepsis,2.0,2.0,0.0,0.0
GLRB,1.0,1.0,Hyperlipidemia,2.0,2.0,0.0,0.0
GLRB,1.0,1.0,Sepsis,2.0,2.0,0.0,0.0
GLYAT,1.0,1.0,Hyperlipidemia,2.0,2.0,0.0,0.0
GLYAT,1.0,1.0,Sepsis,2.0,2.0,0.0,0.0
GLYATL1,0.0,1.0,Hyperlipidemia,0.0,2.0,1.0,2.0
GLYATL1,0.0,1.0,Sepsis,0.0,2.0,1.0,2.0
GLYATL2,0.0,1.0,Hyperlipidemia,0.0,2.0,1.0,2.0
GLYATL2,0.0,1.0,Sepsis,0.0,2.0,1.0,2.0
GNMT,1.0,1.0,Sepsis,2.0,2.0,0.0,0.0
GNMT,1.0,1.0,Hyperlipidemia,2.0,2.0,0.0,0.0
GNRHR,1.0,1.0,Edema,8.0,8.0,0.0,0.0
GNRHR,6.0,6.0,Myocardial Infarction,8.0,8.0,0.0,0.0
GNRHR,1.0,1.0,Sepsis,8.0,8.0,0.0,0.0
GP1BA,0.0,1.0,Gastric ulcer,0.0,1.0,1.0,1.0
GPER1,0.0,1.0,Myocardial Infarction,0.0,2.0,1.0,2.0
GPER1,0.0,1.0,Hyperlipidemia,0.0,2.0,1.0,2.0
GPR18,1.0,1.0,Sepsis,2.0,2.0,0.0,0.0
GPR18,1.0,1.0,Hyperlipidemia,2.0,2.0,0.0,0.0
GRIN1,1.0,1.0,Hyperlipidemia,3.0,3.0,0.0,0.0
GRIN1,1.0,1.0,Sepsis,3.0,3.0,0.0,0.0
GRIN1,1.0,1.0,Pneumonia,3.0,3.0,0.0,0.0
GRIN2A,1.0,0.0,Pneumonia,5.0,2.0,-1.0,-3.0
GRIN2A,2.0,1.0,Sepsis,5.0,2.0,-1.0,-3.0
GRIN2A,2.0,1.0,Hyperlipidemia,5.0,2.0,-1.0,-3.0
GRIN2B,1.0,0.0,Hyperlipidemia,5.0,2.0,-1.0,-3.0
GRIN2B,1.0,0.0,Sepsis,5.0,2.0,-1.0,-3.0
GRIN2B,1.0,1.0,Tardive Dyskinesia,5.0,2.0,0.0,-3.0
GRIN2B,2.0,1.0,Pneumonia,5.0,2.0,-1.0,-3.0
GRIN2C,1.0,1.0,Sepsis,2.0,2.0,0.0,0.0
GRIN2C,1.0,1.0,Hyperlipidemia,2.0,2.0,0.0,0.0
GRIN3A,1.0,0.0,Myocardial Infarction,8.0,3.0,-1.0,-5.0
GRIN3A,1.0,0.0,Hyperlipidemia,8.0,3.0,-1.0,-5.0
GRIN3A,1.0,1.0,Gastric ulcer,8.0,3.0,0.0,-5.0
GRIN3A,1.0,0.0,Sepsis,8.0,3.0,-1.0,-5.0
GRIN3A,4.0,2.0,Pneumonia,8.0,3.0,-2.0,-5.0
GRIN3B,1.0,1.0,Hyperlipidemia,2.0,2.0,0.0,0.0
GRIN3B,1.0,1.0,Sepsis,2.0,2.0,0.0,0.0
GRM5,1.0,1.0,Myocardial Infarction,2.0,2.0,0.0,0.0
GRM5,1.0,1.0,Gastric ulcer,2.0,2.0,0.0,0.0
GSS,1.0,1.0,Hyperlipidemia,2.0,2.0,0.0,0.0
GSS,1.0,1.0,Sepsis,2.0,2.0,0.0,0.0
GSTM1,1.0,1.0,Pancreatitis,1.0,1.0,0.0,0.0
GSTP1,1.0,2.0,Pancreatitis,2.0,8.0,1.0,6.0
GSTP1,0.0,1.0,Tardive Dyskinesia,2.0,8.0,1.0,6.0
GSTP1,0.0,1.0,Pneumonia,2.0,8.0,1.0,6.0
GSTP1,1.0,2.0,Gastric ulcer,2.0,8.0,1.0,6.0
GSTP1,0.0,1.0,Sepsis,2.0,8.0,1.0,6.0
GSTP1,0.0,1.0,Myocardial Infarction,2.0,8.0,1.0,6.0
GSTT1,1.0,1.0,Pancreatitis,1.0,1.0,0.0,0.0
HCAR2,1.0,1.0,Sepsis,1.0,1.0,0.0,0.0
HCAR3,1.0,1.0,Sepsis,1.0,1.0,0.0,0.0
HCK,1.0,1.0,Thrombocytopenia,1.0,1.0,0.0,0.0
HDAC2,2.0,2.0,Sepsis,2.0,2.0,0.0,0.0
HGF,0.0,1.0,Hyperlipidemia,0.0,3.0,1.0,3.0
HGF,0.0,1.0,Hemorrhage,0.0,3.0,1.0,3.0
HGF,0.0,1.0,Myocardial Infarction,0.0,3.0,1.0,3.0
HIF1A,1.0,1.0,Edema,1.0,1.0,0.0,0.0
HLCS,1.0,1.0,Thrombocytopenia,1.0,1.0,0.0,0.0
HM13,0.0,1.0,Sepsis,0.0,1.0,1.0,1.0
HPSE,1.0,1.0,Myocardial Infarction,4.0,4.0,0.0,0.0
HPSE,2.0,2.0,Hemorrhage,4.0,4.0,0.0,0.0
HPSE,1.0,1.0,Hyperlipidemia,4.0,4.0,0.0,0.0
HRH1,15.0,16.0,Tardive Dyskinesia,71.0,78.0,1.0,7.0
HRH1,5.0,5.0,Edema,71.0,78.0,0.0,7.0
HRH1,4.0,4.0,Hyperlipidemia,71.0,78.0,0.0,7.0
HRH1,16.0,19.0,Pneumonia,71.0,78.0,3.0,7.0
HRH1,1.0,2.0,Sepsis,71.0,78.0,1.0,7.0
HRH1,4.0,5.0,Gastric ulcer,71.0,78.0,1.0,7.0
HRH1,6.0,6.0,Delirium,71.0,78.0,0.0,7.0
HRH1,4.0,4.0,Pancreatitis,71.0,78.0,0.0,7.0
HRH1,15.0,16.0,Myocardial Infarction,71.0,78.0,1.0,7.0
HRH1,1.0,1.0,Cerebral Infarction,71.0,78.0,0.0,7.0
HRH2,4.0,4.0,Tardive Dyskinesia,16.0,17.0,0.0,1.0
HRH2,3.0,2.0,Edema,16.0,17.0,-1.0,1.0
HRH2,1.0,1.0,Pancreatitis,16.0,17.0,0.0,1.0
HRH2,2.0,2.0,Myocardial Infarction,16.0,17.0,0.0,1.0
HRH2,5.0,6.0,Pneumonia,16.0,17.0,1.0,1.0
HRH2,0.0,1.0,Delirium,16.0,17.0,1.0,1.0
HRH2,1.0,1.0,Hyperlipidemia,16.0,17.0,0.0,1.0
HRH3,0.0,1.0,Pancreatitis,2.0,6.0,1.0,4.0
HRH3,0.0,1.0,Hyperlipidemia,2.0,6.0,1.0,4.0
HRH3,1.0,1.0,Myocardial Infarction,2.0,6.0,0.0,4.0
HRH3,0.0,1.0,Delirium,2.0,6.0,1.0,4.0
HRH3,0.0,1.0,Tardive Dyskinesia,2.0,6.0,1.0,4.0
HRH3,1.0,1.0,Pneumonia,2.0,6.0,0.0,4.0
HRH4,4.0,4.0,Myocardial Infarction,25.0,25.0,0.0,0.0
HRH4,6.0,6.0,Tardive Dyskinesia,25.0,25.0,0.0,0.0
HRH4,0.0,1.0,Delirium,25.0,25.0,1.0,0.0
HRH4,3.0,2.0,Edema,25.0,25.0,-1.0,0.0
HRH4,7.0,7.0,Pneumonia,25.0,25.0,0.0,0.0
HRH4,1.0,1.0,Hyperlipidemia,25.0,25.0,0.0,0.0
HRH4,2.0,2.0,Pancreatitis,25.0,25.0,0.0,0.0
HRH4,1.0,1.0,Sepsis,25.0,25.0,0.0,0.0
HRH4,1.0,1.0,Gastric ulcer,25.0,25.0,0.0,0.0
HSD11B1,0.0,1.0,Sepsis,0.0,3.0,1.0,3.0
HSD11B1,0.0,1.0,Myocardial Infarction,0.0,3.0,1.0,3.0
HSD11B1,0.0,1.0,Pneumonia,0.0,3.0,1.0,3.0
HSD11B2,0.0,1.0,Pneumonia,0.0,3.0,1.0,3.0
HSD11B2,0.0,1.0,Sepsis,0.0,3.0,1.0,3.0
HSD11B2,0.0,1.0,Myocardial Infarction,0.0,3.0,1.0,3.0
HSD17B2,0.0,1.0,Hyperlipidemia,0.0,2.0,1.0,2.0
HSD17B2,0.0,1.0,Myocardial Infarction,0.0,2.0,1.0,2.0
HSPA8,0.0,1.0,Pulmonary Edema,0.0,2.0,1.0,2.0
HSPA8,0.0,1.0,Thrombocytopenia,0.0,2.0,1.0,2.0
HTR1A,9.0,9.0,Delirium,97.0,91.0,0.0,-6.0
HTR1A,4.0,3.0,Hyperlipidemia,97.0,91.0,-1.0,-6.0
HTR1A,23.0,22.0,Pneumonia,97.0,91.0,-1.0,-6.0
HTR1A,1.0,1.0,Cerebral Infarction,97.0,91.0,0.0,-6.0
HTR1A,15.0,16.0,Tardive Dyskinesia,97.0,91.0,1.0,-6.0
HTR1A,8.0,7.0,Edema,97.0,91.0,-1.0,-6.0
HTR1A,4.0,3.0,Sepsis,97.0,91.0,-1.0,-6.0
HTR1A,6.0,5.0,Pancreatitis,97.0,91.0,-1.0,-6.0
HTR1A,5.0,4.0,Gastric ulcer,97.0,91.0,-1.0,-6.0
HTR1A,22.0,21.0,Myocardial Infarction,97.0,91.0,-1.0,-6.0
HTR1B,6.0,5.0,Edema,71.0,57.0,-1.0,-14.0
HTR1B,4.0,3.0,Hyperlipidemia,71.0,57.0,-1.0,-14.0
HTR1B,5.0,4.0,Pancreatitis,71.0,57.0,-1.0,-14.0
HTR1B,18.0,15.0,Myocardial Infarction,71.0,57.0,-3.0,-14.0
HTR1B,9.0,8.0,Tardive Dyskinesia,71.0,57.0,-1.0,-14.0
HTR1B,4.0,2.0,Sepsis,71.0,57.0,-2.0,-14.0
HTR1B,5.0,3.0,Gastric ulcer,71.0,57.0,-2.0,-14.0
HTR1B,15.0,12.0,Pneumonia,71.0,57.0,-3.0,-14.0
HTR1B,4.0,4.0,Delirium,71.0,57.0,0.0,-14.0
HTR1B,1.0,1.0,Cerebral Infarction,71.0,57.0,0.0,-14.0
HTR1D,17.0,14.0,Myocardial Infarction,72.0,58.0,-3.0,-14.0
HTR1D,5.0,3.0,Gastric ulcer,72.0,58.0,-2.0,-14.0
HTR1D,4.0,2.0,Sepsis,72.0,58.0,-2.0,-14.0
HTR1D,9.0,8.0,Tardive Dyskinesia,72.0,58.0,-1.0,-14.0
HTR1D,4.0,3.0,Hyperlipidemia,72.0,58.0,-1.0,-14.0
HTR1D,5.0,4.0,Pancreatitis,72.0,58.0,-1.0,-14.0
HTR1D,15.0,12.0,Pneumonia,72.0,58.0,-3.0,-14.0
HTR1D,1.0,1.0,Cerebral Infarction,72.0,58.0,0.0,-14.0
HTR1D,5.0,5.0,Delirium,72.0,58.0,0.0,-14.0
HTR1D,7.0,6.0,Edema,72.0,58.0,-1.0,-14.0
HTR1E,1.0,1.0,Sepsis,31.0,25.0,0.0,-6.0
HTR1E,1.0,1.0,Gastric ulcer,31.0,25.0,0.0,-6.0
HTR1E,1.0,1.0,Cerebral Infarction,31.0,25.0,0.0,-6.0
HTR1E,3.0,2.0,Pancreatitis,31.0,25.0,-1.0,-6.0
HTR1E,4.0,3.0,Myocardial Infarction,31.0,25.0,-1.0,-6.0
HTR1E,2.0,1.0,Edema,31.0,25.0,-1.0,-6.0
HTR1E,4.0,3.0,Hyperlipidemia,31.0,25.0,-1.0,-6.0
HTR1E,6.0,5.0,Pneumonia,31.0,25.0,-1.0,-6.0
HTR1E,6.0,5.0,Tardive Dyskinesia,31.0,25.0,-1.0,-6.0
HTR1E,3.0,3.0,Delirium,31.0,25.0,0.0,-6.0
HTR1F,4.0,4.0,Myocardial Infarction,7.0,7.0,0.0,0.0
HTR1F,1.0,1.0,Sepsis,7.0,7.0,0.0,0.0
HTR1F,2.0,2.0,Pneumonia,7.0,7.0,0.0,0.0
HTR2A,28.0,27.0,Pneumonia,103.0,99.0,-1.0,-4.0
HTR2A,4.0,4.0,Hyperlipidemia,103.0,99.0,0.0,-4.0
HTR2A,4.0,2.0,Sepsis,103.0,99.0,-2.0,-4.0
HTR2A,16.0,18.0,Tardive Dyskinesia,103.0,99.0,2.0,-4.0
HTR2A,1.0,1.0,Cerebral Infarction,103.0,99.0,0.0,-4.0
HTR2A,5.0,5.0,Pancreatitis,103.0,99.0,0.0,-4.0
HTR2A,8.0,6.0,Gastric ulcer,103.0,99.0,-2.0,-4.0
HTR2A,8.0,8.0,Edema,103.0,99.0,0.0,-4.0
HTR2A,21.0,20.0,Myocardial Infarction,103.0,99.0,-1.0,-4.0
HTR2A,8.0,8.0,Delirium,103.0,99.0,0.0,-4.0
HTR2B,10.0,9.0,Myocardial Infarction,37.0,32.0,-1.0,-5.0
HTR2B,1.0,1.0,Hyperlipidemia,37.0,32.0,0.0,-5.0
HTR2B,5.0,4.0,Gastric ulcer,37.0,32.0,-1.0,-5.0
HTR2B,2.0,1.0,Sepsis,37.0,32.0,-1.0,-5.0
HTR2B,3.0,3.0,Tardive Dyskinesia,37.0,32.0,0.0,-5.0
HTR2B,4.0,3.0,Edema,37.0,32.0,-1.0,-5.0
HTR2B,9.0,7.0,Pneumonia,37.0,32.0,-2.0,-5.0
HTR2B,1.0,2.0,Delirium,37.0,32.0,1.0,-5.0
HTR2B,2.0,2.0,Pancreatitis,37.0,32.0,0.0,-5.0
HTR2C,5.0,5.0,Pancreatitis,86.0,87.0,0.0,1.0
HTR2C,1.0,1.0,Cerebral Infarction,86.0,87.0,0.0,1.0
HTR2C,8.0,8.0,Edema,86.0,87.0,0.0,1.0
HTR2C,7.0,7.0,Delirium,86.0,87.0,0.0,1.0
HTR2C,19.0,19.0,Myocardial Infarction,86.0,87.0,0.0,1.0
HTR2C,13.0,17.0,Tardive Dyskinesia,86.0,87.0,4.0,1.0
HTR2C,20.0,20.0,Pneumonia,86.0,87.0,0.0,1.0
HTR2C,4.0,5.0,Hyperlipidemia,86.0,87.0,1.0,1.0
HTR2C,3.0,1.0,Sepsis,86.0,87.0,-2.0,1.0
HTR2C,6.0,4.0,Gastric ulcer,86.0,87.0,-2.0,1.0
HTR3A,4.0,4.0,Delirium,42.0,40.0,0.0,-2.0
HTR3A,2.0,2.0,Sepsis,42.0,40.0,0.0,-2.0
HTR3A,2.0,2.0,Edema,42.0,40.0,0.0,-2.0
HTR3A,1.0,1.0,Cerebral Infarction,42.0,40.0,0.0,-2.0
HTR3A,10.0,9.0,Pneumonia,42.0,40.0,-1.0,-2.0
HTR3A,7.0,6.0,Myocardial Infarction,42.0,40.0,-1.0,-2.0
HTR3A,1.0,1.0,Gastric ulcer,42.0,40.0,0.0,-2.0
HTR3A,3.0,3.0,Pancreatitis,42.0,40.0,0.0,-2.0
HTR3A,5.0,5.0,Hyperlipidemia,42.0,40.0,0.0,-2.0
HTR3A,7.0,7.0,Tardive Dyskinesia,42.0,40.0,0.0,-2.0
HTR4,1.0,1.0,Pneumonia,2.0,2.0,0.0,0.0
HTR4,1.0,1.0,Myocardial Infarction,2.0,2.0,0.0,0.0
HTR5A,3.0,3.0,Pneumonia,11.0,11.0,0.0,0.0
HTR5A,1.0,1.0,Pancreatitis,11.0,11.0,0.0,0.0
HTR5A,2.0,1.0,Edema,11.0,11.0,-1.0,0.0
HTR5A,1.0,1.0,Myocardial Infarction,11.0,11.0,0.0,0.0
HTR5A,0.0,1.0,Delirium,11.0,11.0,1.0,0.0
HTR5A,3.0,3.0,Tardive Dyskinesia,11.0,11.0,0.0,0.0
HTR5A,1.0,1.0,Hyperlipidemia,11.0,11.0,0.0,0.0
HTR6,12.0,13.0,Pneumonia,49.0,52.0,1.0,3.0
HTR6,1.0,1.0,Cerebral Infarction,49.0,52.0,0.0,3.0
HTR6,1.0,1.0,Gastric ulcer,49.0,52.0,0.0,3.0
HTR6,7.0,8.0,Myocardial Infarction,49.0,52.0,1.0,3.0
HTR6,4.0,4.0,Hyperlipidemia,49.0,52.0,0.0,3.0
HTR6,11.0,12.0,Tardive Dyskinesia,49.0,52.0,1.0,3.0
HTR6,4.0,4.0,Edema,49.0,52.0,0.0,3.0
HTR6,5.0,5.0,Delirium,49.0,52.0,0.0,3.0
HTR6,1.0,1.0,Sepsis,49.0,52.0,0.0,3.0
HTR6,3.0,3.0,Pancreatitis,49.0,52.0,0.0,3.0
HTR7,1.0,1.0,Sepsis,56.0,58.0,0.0,2.0
HTR7,13.0,14.0,Pneumonia,56.0,58.0,1.0,2.0
HTR7,3.0,3.0,Pancreatitis,56.0,58.0,0.0,2.0
HTR7,5.0,5.0,Edema,56.0,58.0,0.0,2.0
HTR7,5.0,5.0,Delirium,56.0,58.0,0.0,2.0
HTR7,2.0,2.0,Gastric ulcer,56.0,58.0,0.0,2.0
HTR7,11.0,11.0,Myocardial Infarction,56.0,58.0,0.0,2.0
HTR7,11.0,13.0,Tardive Dyskinesia,56.0,58.0,2.0,2.0
HTR7,1.0,1.0,Cerebral Infarction,56.0,58.0,0.0,2.0
HTR7,4.0,3.0,Hyperlipidemia,56.0,58.0,-1.0,2.0
Htr2c,0.0,1.0,Delirium,0.0,10.0,1.0,10.0
Htr2c,0.0,1.0,Pneumonia,0.0,10.0,1.0,10.0
Htr2c,0.0,2.0,Edema,0.0,10.0,2.0,10.0
Htr2c,0.0,2.0,Tardive Dyskinesia,0.0,10.0,2.0,10.0
Htr2c,0.0,4.0,Myocardial Infarction,0.0,10.0,4.0,10.0
IFNG,1.0,1.0,Thrombocytopenia,1.0,1.0,0.0,0.0
IKBKB,1.0,1.0,Sepsis,1.0,1.0,0.0,0.0
IL1B,1.0,1.0,Pancreatitis,1.0,2.0,0.0,1.0
IL1B,0.0,1.0,Gastric ulcer,1.0,2.0,1.0,1.0
IL1R1,1.0,1.0,Pneumonia,1.0,1.0,0.0,0.0
IL2,1.0,1.0,Edema,3.0,3.0,0.0,0.0
IL2,1.0,1.0,Gastric ulcer,3.0,3.0,0.0,0.0
IL2,1.0,1.0,Myocardial Infarction,3.0,3.0,0.0,0.0
IL2RA,3.0,3.0,Pneumonia,4.0,4.0,0.0,0.0
IL2RA,1.0,1.0,Pancreatitis,4.0,4.0,0.0,0.0
IL2RB,3.0,3.0,Pneumonia,4.0,4.0,0.0,0.0
IL2RB,1.0,1.0,Pancreatitis,4.0,4.0,0.0,0.0
IL2RG,1.0,1.0,Pneumonia,2.0,2.0,0.0,0.0
IL2RG,1.0,1.0,Pancreatitis,2.0,2.0,0.0,0.0
IL3RA,1.0,1.0,Thrombocytopenia,1.0,1.0,0.0,0.0
IL6,1.0,1.0,Thrombocytopenia,1.0,1.0,0.0,0.0
ITGA2B,1.0,1.0,Hemorrhage,2.0,2.0,0.0,0.0
ITGA2B,1.0,1.0,Thrombocytopenia,2.0,2.0,0.0,0.0
ITGA4,1.0,1.0,Hemorrhage,3.0,3.0,0.0,0.0
ITGA4,1.0,1.0,Myocardial Infarction,3.0,3.0,0.0,0.0
ITGA4,1.0,1.0,Pneumonia,3.0,3.0,0.0,0.0
ITGB3,2.0,2.0,Thrombocytopenia,4.0,4.0,0.0,0.0
ITGB3,2.0,2.0,Hemorrhage,4.0,4.0,0.0,0.0
ITK,1.0,1.0,Thrombocytopenia,1.0,1.0,0.0,0.0
JAK1,1.0,1.0,Hyperlipidemia,4.0,4.0,0.0,0.0
JAK1,1.0,1.0,Sepsis,4.0,4.0,0.0,0.0
JAK1,1.0,1.0,Pneumonia,4.0,4.0,0.0,0.0
JAK1,1.0,1.0,Thrombocytopenia,4.0,4.0,0.0,0.0
JAK2,1.0,1.0,Hyperlipidemia,4.0,4.0,0.0,0.0
JAK2,1.0,1.0,Sepsis,4.0,4.0,0.0,0.0
JAK2,1.0,1.0,Pneumonia,4.0,4.0,0.0,0.0
JAK2,1.0,1.0,Thrombocytopenia,4.0,4.0,0.0,0.0
JAK3,1.0,1.0,Hyperlipidemia,3.0,3.0,0.0,0.0
JAK3,1.0,1.0,Sepsis,3.0,3.0,0.0,0.0
JAK3,1.0,1.0,Pneumonia,3.0,3.0,0.0,0.0
JUN,1.0,1.0,Myocardial Infarction,1.0,1.0,0.0,0.0
KCNA1,1.0,1.0,Myocardial Infarction,4.0,4.0,0.0,0.0
KCNA1,1.0,1.0,Tardive Dyskinesia,4.0,4.0,0.0,0.0
KCNA1,1.0,1.0,Pneumonia,4.0,4.0,0.0,0.0
KCNA1,1.0,1.0,Edema,4.0,4.0,0.0,0.0
KCND2,1.0,0.0,Tardive Dyskinesia,7.0,3.0,-1.0,-4.0
KCND2,3.0,2.0,Myocardial Infarction,7.0,3.0,-1.0,-4.0
KCND2,1.0,1.0,Delirium,7.0,3.0,0.0,-4.0
KCND2,1.0,0.0,Pneumonia,7.0,3.0,-1.0,-4.0
KCND2,1.0,0.0,Edema,7.0,3.0,-1.0,-4.0
KCND3,1.0,0.0,Pneumonia,7.0,3.0,-1.0,-4.0
KCND3,1.0,0.0,Edema,7.0,3.0,-1.0,-4.0
KCND3,1.0,1.0,Delirium,7.0,3.0,0.0,-4.0
KCND3,3.0,2.0,Myocardial Infarction,7.0,3.0,-1.0,-4.0
KCND3,1.0,0.0,Tardive Dyskinesia,7.0,3.0,-1.0,-4.0
KCNH1,0.0,1.0,Delirium,0.0,2.0,1.0,2.0
KCNH1,0.0,1.0,Myocardial Infarction,0.0,2.0,1.0,2.0
KCNH2,4.0,5.0,Pneumonia,9.0,15.0,1.0,6.0
KCNH2,2.0,4.0,Tardive Dyskinesia,9.0,15.0,2.0,6.0
KCNH2,1.0,2.0,Delirium,9.0,15.0,1.0,6.0
KCNH2,1.0,2.0,Myocardial Infarction,9.0,15.0,1.0,6.0
KCNH2,0.0,1.0,Hyperlipidemia,9.0,15.0,1.0,6.0
KCNH2,1.0,1.0,Edema,9.0,15.0,0.0,6.0
KCNJ2,0.0,1.0,Edema,0.0,1.0,1.0,1.0
KCNJ4,0.0,1.0,Edema,0.0,1.0,1.0,1.0
KCNQ2,1.0,1.0,Edema,4.0,4.0,0.0,0.0
KCNQ2,1.0,1.0,Tardive Dyskinesia,4.0,4.0,0.0,0.0
KCNQ2,1.0,1.0,Pneumonia,4.0,4.0,0.0,0.0
KCNQ2,1.0,1.0,Myocardial Infarction,4.0,4.0,0.0,0.0
KCNQ3,1.0,2.0,Myocardial Infarction,4.0,8.0,1.0,4.0
KCNQ3,1.0,1.0,Tardive Dyskinesia,4.0,8.0,0.0,4.0
KCNQ3,0.0,1.0,Hyperlipidemia,4.0,8.0,1.0,4.0
KCNQ3,1.0,2.0,Pneumonia,4.0,8.0,1.0,4.0
KCNQ3,0.0,1.0,Sepsis,4.0,8.0,1.0,4.0
KCNQ3,1.0,1.0,Edema,4.0,8.0,0.0,4.0
KCNQ5,0.0,1.0,Sepsis,0.0,4.0,1.0,4.0
KCNQ5,0.0,1.0,Myocardial Infarction,0.0,4.0,1.0,4.0
KCNQ5,0.0,1.0,Pneumonia,0.0,4.0,1.0,4.0
KCNQ5,0.0,1.0,Hyperlipidemia,0.0,4.0,1.0,4.0
KDR,1.0,1.0,Pneumonia,9.0,9.0,0.0,0.0
KDR,1.0,1.0,Proteinuria,9.0,9.0,0.0,0.0
KDR,1.0,1.0,Peripheral Neuropathy,9.0,9.0,0.0,0.0
KDR,4.0,4.0,Thrombocytopenia,9.0,9.0,0.0,0.0
KDR,1.0,1.0,Cerebral Infarction,9.0,9.0,0.0,0.0
KDR,1.0,1.0,Pancreatitis,9.0,9.0,0.0,0.0
KIT,1.0,1.0,Pulmonary Edema,6.0,6.0,0.0,0.0
KIT,5.0,5.0,Thrombocytopenia,6.0,6.0,0.0,0.0
KLK1,1.0,1.0,Deep Vein Thrombosis,4.0,4.0,0.0,0.0
KLK1,1.0,1.0,Sepsis,4.0,4.0,0.0,0.0
KLK1,1.0,1.0,Pneumonia,4.0,4.0,0.0,0.0
KLK1,1.0,1.0,Hemorrhage,4.0,4.0,0.0,0.0
KRT8,1.0,1.0,Pancreatitis,4.0,4.0,0.0,0.0
KRT8,1.0,1.0,Cerebral Infarction,4.0,4.0,0.0,0.0
KRT8,1.0,1.0,Hemorrhage,4.0,4.0,0.0,0.0
KRT8,1.0,1.0,Myocardial Infarction,4.0,4.0,0.0,0.0
LCK,1.0,1.0,Pulmonary Edema,6.0,6.0,0.0,0.0
LCK,1.0,1.0,Pneumonia,6.0,6.0,0.0,0.0
LCK,3.0,3.0,Thrombocytopenia,6.0,6.0,0.0,0.0
LCK,1.0,1.0,Pancreatitis,6.0,6.0,0.0,0.0
LHCGR,1.0,1.0,Sepsis,3.0,3.0,0.0,0.0
LHCGR,1.0,1.0,Edema,3.0,3.0,0.0,0.0
LHCGR,1.0,1.0,Myocardial Infarction,3.0,3.0,0.0,0.0
LRP1,1.0,1.0,Pancreatitis,4.0,4.0,0.0,0.0
LRP1,1.0,1.0,Cerebral Infarction,4.0,4.0,0.0,0.0
LRP1,1.0,1.0,Hemorrhage,4.0,4.0,0.0,0.0
LRP1,1.0,1.0,Myocardial Infarction,4.0,4.0,0.0,0.0
LTA4H,1.0,1.0,Myocardial Infarction,4.0,4.0,0.0,0.0
LTA4H,1.0,1.0,Gastric ulcer,4.0,4.0,0.0,0.0
LTA4H,1.0,1.0,Proteinuria,4.0,4.0,0.0,0.0
LTA4H,1.0,1.0,Edema,4.0,4.0,0.0,0.0
LY96,0.0,1.0,Sepsis,0.0,2.0,1.0,2.0
LY96,0.0,1.0,Myocardial Infarction,0.0,2.0,1.0,2.0
LYN,1.0,1.0,Pneumonia,5.0,7.0,0.0,2.0
LYN,1.0,1.0,Pancreatitis,5.0,7.0,0.0,2.0
LYN,0.0,1.0,Pulmonary Edema,5.0,7.0,1.0,2.0
LYN,3.0,4.0,Thrombocytopenia,5.0,7.0,1.0,2.0
MAOA,1.0,1.0,Hyperlipidemia,13.0,15.0,0.0,2.0
MAOA,0.0,1.0,Pancreatitis,13.0,15.0,1.0,2.0
MAOA,1.0,1.0,Sepsis,13.0,15.0,0.0,2.0
MAOA,2.0,2.0,Pneumonia,13.0,15.0,0.0,2.0
MAOA,1.0,1.0,Tardive Dyskinesia,13.0,15.0,0.0,2.0
MAOA,1.0,1.0,Edema,13.0,15.0,0.0,2.0
MAOA,5.0,6.0,Myocardial Infarction,13.0,15.0,1.0,2.0
MAOA,2.0,2.0,Gastric ulcer,13.0,15.0,0.0,2.0
MAOB,0.0,1.0,Gastric ulcer,2.0,4.0,1.0,2.0
MAOB,1.0,1.0,Tardive Dyskinesia,2.0,4.0,0.0,2.0
MAOB,1.0,1.0,Pneumonia,2.0,4.0,0.0,2.0
MAOB,0.0,1.0,Myocardial Infarction,2.0,4.0,1.0,2.0
MAP2K1,1.0,1.0,Thrombocytopenia,1.0,1.0,0.0,0.0
MAP2K2,1.0,1.0,Thrombocytopenia,1.0,1.0,0.0,0.0
MAP3K2,1.0,1.0,Thrombocytopenia,1.0,1.0,0.0,0.0
MAP3K20,0.0,1.0,Thrombocytopenia,0.0,2.0,1.0,2.0
MAP3K20,0.0,1.0,Pulmonary Edema,0.0,2.0,1.0,2.0
MAPK11,1.0,1.0,Thrombocytopenia,1.0,1.0,0.0,0.0
MAPK14,0.0,1.0,Pulmonary Edema,0.0,2.0,1.0,2.0
MAPK14,0.0,1.0,Thrombocytopenia,0.0,2.0,1.0,2.0
MAPK3,1.0,1.0,Myocardial Infarction,2.0,2.0,0.0,0.0
MAPK3,1.0,1.0,Pancreatitis,2.0,2.0,0.0,0.0
MCCC1,1.0,1.0,Thrombocytopenia,1.0,1.0,0.0,0.0
MCCC2,1.0,1.0,Thrombocytopenia,1.0,1.0,0.0,0.0
MCHR1,0.0,1.0,Tardive Dyskinesia,0.0,2.0,1.0,2.0
MCHR1,0.0,1.0,Pneumonia,0.0,2.0,1.0,2.0
MET,1.0,1.0,Peripheral Neuropathy,2.0,2.0,0.0,0.0
MET,1.0,1.0,Cerebral Infarction,2.0,2.0,0.0,0.0
MME,1.0,1.0,Edema,1.0,1.0,0.0,0.0
MMP2,1.0,1.0,Myocardial Infarction,4.0,4.0,0.0,0.0
MMP2,1.0,1.0,Edema,4.0,4.0,0.0,0.0
MMP2,1.0,1.0,Proteinuria,4.0,4.0,0.0,0.0
MMP2,1.0,1.0,Gastric ulcer,4.0,4.0,0.0,0.0
MMP9,1.0,1.0,Pancreatitis,5.0,5.0,0.0,0.0
MMP9,1.0,1.0,Edema,5.0,5.0,0.0,0.0
MMP9,1.0,1.0,Proteinuria,5.0,5.0,0.0,0.0
MMP9,1.0,1.0,Gastric ulcer,5.0,5.0,0.0,0.0
MMP9,1.0,1.0,Myocardial Infarction,5.0,5.0,0.0,0.0
MPO,1.0,1.0,Pneumonia,11.0,11.0,0.0,0.0
MPO,3.0,3.0,Hemorrhage,11.0,11.0,0.0,0.0
MPO,1.0,1.0,Gastric ulcer,11.0,11.0,0.0,0.0
MPO,1.0,1.0,Hyperlipidemia,11.0,11.0,0.0,0.0
MPO,2.0,2.0,Myocardial Infarction,11.0,11.0,0.0,0.0
MPO,1.0,1.0,Pancreatitis,11.0,11.0,0.0,0.0
MPO,2.0,2.0,Sepsis,11.0,11.0,0.0,0.0
MT-ATP6,0.0,1.0,Myocardial Infarction,0.0,2.0,1.0,2.0
MT-ATP6,0.0,1.0,Hyperlipidemia,0.0,2.0,1.0,2.0
MT1A,1.0,1.0,Pancreatitis,1.0,1.0,0.0,0.0
MT2A,1.0,1.0,Pancreatitis,1.0,1.0,0.0,0.0
MTOR,1.0,1.0,Thrombocytopenia,2.0,2.0,0.0,0.0
MTOR,1.0,1.0,Pneumonia,2.0,2.0,0.0,0.0
NCOA2,0.0,1.0,Myocardial Infarction,0.0,2.0,1.0,2.0
NCOA2,0.0,1.0,Hyperlipidemia,0.0,2.0,1.0,2.0
NDUFC2,1.0,1.0,Edema,1.0,1.0,0.0,0.0
NFATC1,1.0,1.0,Gastric ulcer,3.0,3.0,0.0,0.0
NFATC1,1.0,1.0,Myocardial Infarction,3.0,3.0,0.0,0.0
NFATC1,1.0,1.0,Edema,3.0,3.0,0.0,0.0
NFKB1,0.0,1.0,Myocardial Infarction,4.0,7.0,1.0,3.0
NFKB1,1.0,2.0,Gastric ulcer,4.0,7.0,1.0,3.0
NFKB1,1.0,1.0,Pneumonia,4.0,7.0,0.0,3.0
NFKB1,0.0,1.0,Edema,4.0,7.0,1.0,3.0
NFKB1,1.0,1.0,Pulmonary Edema,4.0,7.0,0.0,3.0
NFKB1,1.0,1.0,Pancreatitis,4.0,7.0,0.0,3.0
NNMT,1.0,1.0,Sepsis,1.0,1.0,0.0,0.0
NOMO1,0.0,1.0,Sepsis,0.0,1.0,1.0,1.0
NOS1,0.0,1.0,Gastric ulcer,0.0,1.0,1.0,1.0
NOS2,1.0,1.0,Sepsis,3.0,3.0,0.0,0.0
NOS2,1.0,1.0,Pneumonia,3.0,3.0,0.0,0.0
NOS2,1.0,1.0,Myocardial Infarction,3.0,3.0,0.0,0.0
NPPB,1.0,1.0,Edema,1.0,1.0,0.0,0.0
NPY2R,1.0,1.0,Hemorrhage,1.0,1.0,0.0,0.0
NQO1,1.0,1.0,Pancreatitis,1.0,1.0,0.0,0.0
NR0B1,1.0,1.0,Myocardial Infarction,3.0,3.0,0.0,0.0
NR0B1,1.0,1.0,Sepsis,3.0,3.0,0.0,0.0
NR0B1,1.0,1.0,Pneumonia,3.0,3.0,0.0,0.0
NR1I2,0.0,1.0,Pneumonia,3.0,7.0,1.0,4.0
NR1I2,1.0,1.0,Thrombocytopenia,3.0,7.0,0.0,4.0
NR1I2,1.0,2.0,Myocardial Infarction,3.0,7.0,1.0,4.0
NR1I2,0.0,1.0,Sepsis,3.0,7.0,1.0,4.0
NR1I2,1.0,2.0,Hyperlipidemia,3.0,7.0,1.0,4.0
NR1I3,0.0,1.0,Gastric ulcer,0.0,1.0,1.0,1.0
NR3C1,1.0,1.0,Myocardial Infarction,3.0,3.0,0.0,0.0
NR3C1,1.0,1.0,Sepsis,3.0,3.0,0.0,0.0
NR3C1,1.0,1.0,Pneumonia,3.0,3.0,0.0,0.0
NR3C2,0.0,1.0,Hyperlipidemia,0.0,1.0,1.0,1.0
NR4A3,0.0,1.0,Pulmonary Edema,0.0,2.0,1.0,2.0
NR4A3,0.0,1.0,Thrombocytopenia,0.0,2.0,1.0,2.0
NT5E,1.0,1.0,Edema,1.0,1.0,0.0,0.0
NTRK1,1.0,1.0,Tardive Dyskinesia,6.0,6.0,0.0,0.0
NTRK1,1.0,1.0,Edema,6.0,6.0,0.0,0.0
NTRK1,1.0,1.0,Pneumonia,6.0,6.0,0.0,0.0
NTRK1,2.0,2.0,Thrombocytopenia,6.0,6.0,0.0,0.0
NTRK1,1.0,1.0,Myocardial Infarction,6.0,6.0,0.0,0.0
NTRK2,1.0,1.0,Edema,4.0,4.0,0.0,0.0
NTRK2,1.0,1.0,Pneumonia,4.0,4.0,0.0,0.0
NTRK2,1.0,1.0,Myocardial Infarction,4.0,4.0,0.0,0.0
NTRK2,1.0,1.0,Tardive Dyskinesia,4.0,4.0,0.0,0.0
OPRD1,0.0,1.0,Hyperlipidemia,26.0,32.0,1.0,6.0
OPRD1,0.0,1.0,Delirium,26.0,32.0,1.0,6.0
OPRD1,1.0,1.0,Gastric ulcer,26.0,32.0,0.0,6.0
OPRD1,1.0,2.0,Pancreatitis,26.0,32.0,1.0,6.0
OPRD1,1.0,1.0,Edema,26.0,32.0,0.0,6.0
OPRD1,4.0,4.0,Sepsis,26.0,32.0,0.0,6.0
OPRD1,1.0,2.0,Tardive Dyskinesia,26.0,32.0,1.0,6.0
OPRD1,8.0,9.0,Myocardial Infarction,26.0,32.0,1.0,6.0
OPRD1,10.0,11.0,Pneumonia,26.0,32.0,1.0,6.0
OPRK1,0.0,1.0,Hyperlipidemia,26.0,32.0,1.0,6.0
OPRK1,1.0,1.0,Edema,26.0,32.0,0.0,6.0
OPRK1,1.0,2.0,Pancreatitis,26.0,32.0,1.0,6.0
OPRK1,3.0,3.0,Sepsis,26.0,32.0,0.0,6.0
OPRK1,1.0,2.0,Tardive Dyskinesia,26.0,32.0,1.0,6.0
OPRK1,10.0,11.0,Myocardial Infarction,26.0,32.0,1.0,6.0
OPRK1,1.0,1.0,Gastric ulcer,26.0,32.0,0.0,6.0
OPRK1,0.0,1.0,Delirium,26.0,32.0,1.0,6.0
OPRK1,9.0,10.0,Pneumonia,26.0,32.0,1.0,6.0
OPRL1,0.0,1.0,Pneumonia,0.0,1.0,1.0,1.0
OPRM1,4.0,4.0,Sepsis,27.0,33.0,0.0,6.0
OPRM1,1.0,2.0,Tardive Dyskinesia,27.0,33.0,1.0,6.0
OPRM1,0.0,1.0,Delirium,27.0,33.0,1.0,6.0
OPRM1,0.0,1.0,Hyperlipidemia,27.0,33.0,1.0,6.0
OPRM1,1.0,2.0,Pancreatitis,27.0,33.0,1.0,6.0
OPRM1,1.0,1.0,Edema,27.0,33.0,0.0,6.0
OPRM1,10.0,11.0,Pneumonia,27.0,33.0,1.0,6.0
OPRM1,1.0,1.0,Gastric ulcer,27.0,33.0,0.0,6.0
OPRM1,9.0,10.0,Myocardial Infarction,27.0,33.0,1.0,6.0
ORM1,1.0,2.0,Delirium,35.0,38.0,1.0,3.0
ORM1,3.0,3.0,Edema,35.0,38.0,0.0,3.0
ORM1,10.0,10.0,Myocardial Infarction,35.0,38.0,0.0,3.0
ORM1,5.0,5.0,Tardive Dyskinesia,35.0,38.0,0.0,3.0
ORM1,5.0,5.0,Hyperlipidemia,35.0,38.0,0.0,3.0
ORM1,1.0,1.0,Proteinuria,35.0,38.0,0.0,3.0
ORM1,3.0,3.0,Thrombocytopenia,35.0,38.0,0.0,3.0
ORM1,4.0,5.0,Pneumonia,35.0,38.0,1.0,3.0
ORM1,0.0,1.0,Gastric ulcer,35.0,38.0,1.0,3.0
ORM1,3.0,3.0,Pancreatitis,35.0,38.0,0.0,3.0
ORM2,0.0,1.0,Gastric ulcer,0.0,4.0,1.0,4.0
ORM2,0.0,2.0,Myocardial Infarction,0.0,4.0,2.0,4.0
ORM2,0.0,1.0,Delirium,0.0,4.0,1.0,4.0
P2RY12,3.0,3.0,Sepsis,7.0,7.0,0.0,0.0
P2RY12,1.0,1.0,Gastric ulcer,7.0,7.0,0.0,0.0
P2RY12,1.0,1.0,Hyperlipidemia,7.0,7.0,0.0,0.0
P2RY12,2.0,2.0,Pneumonia,7.0,7.0,0.0,0.0
PAH,1.0,1.0,Pancreatitis,4.0,1.0,0.0,-3.0
PAH,1.0,0.0,Sepsis,4.0,1.0,-1.0,-3.0
PAH,1.0,0.0,Myocardial Infarction,4.0,1.0,-1.0,-3.0
PAH,1.0,0.0,Edema,4.0,1.0,-1.0,-3.0
PARP1,0.0,1.0,Sepsis,0.0,1.0,1.0,1.0
PC,1.0,1.0,Thrombocytopenia,1.0,1.0,0.0,0.0
PCCA,1.0,1.0,Thrombocytopenia,1.0,1.0,0.0,0.0
PCCB,1.0,1.0,Thrombocytopenia,1.0,1.0,0.0,0.0
PDE3A,2.0,2.0,Sepsis,2.0,2.0,0.0,0.0
PDE4A,1.0,1.0,Sepsis,2.0,2.0,0.0,0.0
PDE4A,1.0,1.0,Edema,2.0,2.0,0.0,0.0
PDE4B,1.0,1.0,Thrombocytopenia,8.0,8.0,0.0,0.0
PDE4B,2.0,2.0,Sepsis,8.0,8.0,0.0,0.0
PDE4B,1.0,1.0,Pancreatitis,8.0,8.0,0.0,0.0
PDE4B,1.0,1.0,Gastric ulcer,8.0,8.0,0.0,0.0
PDE4B,1.0,1.0,Pulmonary Edema,8.0,8.0,0.0,0.0
PDE4B,2.0,2.0,Edema,8.0,8.0,0.0,0.0
PDE5A,1.0,1.0,Edema,2.0,2.0,0.0,0.0
PDE5A,1.0,1.0,Sepsis,2.0,2.0,0.0,0.0
PDGFRA,4.0,5.0,Thrombocytopenia,5.0,8.0,1.0,3.0
PDGFRA,0.0,1.0,Pneumonia,5.0,8.0,1.0,3.0
PDGFRA,1.0,1.0,Myocardial Infarction,5.0,8.0,0.0,3.0
PDGFRA,0.0,1.0,Pancreatitis,5.0,8.0,1.0,3.0
PDGFRB,4.0,5.0,Thrombocytopenia,5.0,8.0,1.0,3.0
PDGFRB,0.0,1.0,Pneumonia,5.0,8.0,1.0,3.0
PDGFRB,1.0,1.0,Pulmonary Edema,5.0,8.0,0.0,3.0
PDGFRB,0.0,1.0,Pancreatitis,5.0,8.0,1.0,3.0
PF4,0.0,1.0,Hyperlipidemia,0.0,3.0,1.0,3.0
PF4,0.0,1.0,Hemorrhage,0.0,3.0,1.0,3.0
PF4,0.0,1.0,Myocardial Infarction,0.0,3.0,1.0,3.0
PGR,1.0,1.0,Myocardial Infarction,1.0,1.0,0.0,0.0
PGRMC1,1.0,1.0,Gastric ulcer,2.0,2.0,0.0,0.0
PGRMC1,1.0,1.0,Pneumonia,2.0,2.0,0.0,0.0
PIK3CA,1.0,1.0,Gastric ulcer,6.0,6.0,0.0,0.0
PIK3CA,1.0,1.0,Pancreatitis,6.0,6.0,0.0,0.0
PIK3CA,1.0,1.0,Thrombocytopenia,6.0,6.0,0.0,0.0
PIK3CA,1.0,1.0,Sepsis,6.0,6.0,0.0,0.0
PIK3CA,1.0,1.0,Pulmonary Edema,6.0,6.0,0.0,0.0
PIK3CA,1.0,1.0,Edema,6.0,6.0,0.0,0.0
PIK3CB,1.0,1.0,Edema,6.0,6.0,0.0,0.0
PIK3CB,1.0,1.0,Gastric ulcer,6.0,6.0,0.0,0.0
PIK3CB,1.0,1.0,Pulmonary Edema,6.0,6.0,0.0,0.0
PIK3CB,1.0,1.0,Pancreatitis,6.0,6.0,0.0,0.0
PIK3CB,1.0,1.0,Thrombocytopenia,6.0,6.0,0.0,0.0
PIK3CB,1.0,1.0,Sepsis,6.0,6.0,0.0,0.0
PIK3CD,1.0,1.0,Edema,6.0,6.0,0.0,0.0
PIK3CD,1.0,1.0,Sepsis,6.0,6.0,0.0,0.0
PIK3CD,1.0,1.0,Thrombocytopenia,6.0,6.0,0.0,0.0
PIK3CD,1.0,1.0,Pulmonary Edema,6.0,6.0,0.0,0.0
PIK3CD,1.0,1.0,Gastric ulcer,6.0,6.0,0.0,0.0
PIK3CD,1.0,1.0,Pancreatitis,6.0,6.0,0.0,0.0
PIPOX,1.0,1.0,Sepsis,2.0,2.0,0.0,0.0
PIPOX,1.0,1.0,Hyperlipidemia,2.0,2.0,0.0,0.0
PLA2G1B,1.0,1.0,Sepsis,1.0,1.0,0.0,0.0
PLA2G4A,1.0,1.0,Pancreatitis,2.0,2.0,0.0,0.0
PLA2G4A,1.0,1.0,Pneumonia,2.0,2.0,0.0,0.0
PLAT,1.0,0.0,Gastric ulcer,1.0,0.0,-1.0,-1.0
PLAUR,1.0,1.0,Sepsis,11.0,11.0,0.0,0.0
PLAUR,3.0,3.0,Hemorrhage,11.0,11.0,0.0,0.0
PLAUR,1.0,1.0,Pancreatitis,11.0,11.0,0.0,0.0
PLAUR,3.0,3.0,Cerebral Infarction,11.0,11.0,0.0,0.0
PLAUR,1.0,1.0,Deep Vein Thrombosis,11.0,11.0,0.0,0.0
PLAUR,2.0,2.0,Myocardial Infarction,11.0,11.0,0.0,0.0
PLG,3.0,3.0,Cerebral Infarction,15.0,15.0,0.0,0.0
PLG,2.0,2.0,Sepsis,15.0,15.0,0.0,0.0
PLG,4.0,4.0,Hemorrhage,15.0,15.0,0.0,0.0
PLG,1.0,1.0,Pancreatitis,15.0,15.0,0.0,0.0
PLG,2.0,2.0,Myocardial Infarction,15.0,15.0,0.0,0.0
PLG,1.0,1.0,Pneumonia,15.0,15.0,0.0,0.0
PLG,2.0,2.0,Deep Vein Thrombosis,15.0,15.0,0.0,0.0
PPARA,0.0,1.0,Myocardial Infarction,0.0,3.0,1.0,3.0
PPARA,0.0,1.0,Pancreatitis,0.0,3.0,1.0,3.0
PPARA,0.0,1.0,Gastric ulcer,0.0,3.0,1.0,3.0
PPARD,1.0,1.0,Pancreatitis,4.0,4.0,0.0,0.0
PPARD,1.0,1.0,Sepsis,4.0,4.0,0.0,0.0
PPARD,1.0,1.0,Pneumonia,4.0,4.0,0.0,0.0
PPARD,1.0,1.0,Myocardial Infarction,4.0,4.0,0.0,0.0
PPARG,0.0,1.0,Pancreatitis,3.0,5.0,1.0,2.0
PPARG,0.0,1.0,Myocardial Infarction,3.0,5.0,1.0,2.0
PPARG,1.0,1.0,Pneumonia,3.0,5.0,0.0,2.0
PPARG,1.0,1.0,Gastric ulcer,3.0,5.0,0.0,2.0
PPARG,1.0,1.0,Sepsis,3.0,5.0,0.0,2.0
PPAT,0.0,1.0,Thrombocytopenia,0.0,2.0,1.0,2.0
PPAT,0.0,1.0,Pulmonary Edema,0.0,2.0,1.0,2.0
PRG2,1.0,1.0,Thrombocytopenia,1.0,1.0,0.0,0.0
PRKDC,1.0,1.0,Gastric ulcer,6.0,6.0,0.0,0.0
PRKDC,1.0,1.0,Thrombocytopenia,6.0,6.0,0.0,0.0
PRKDC,1.0,1.0,Pancreatitis,6.0,6.0,0.0,0.0
PRKDC,1.0,1.0,Edema,6.0,6.0,0.0,0.0
PRKDC,1.0,1.0,Pulmonary Edema,6.0,6.0,0.0,0.0
PRKDC,1.0,1.0,Sepsis,6.0,6.0,0.0,0.0
PRSS1,1.0,1.0,Sepsis,4.0,4.0,0.0,0.0
PRSS1,1.0,1.0,Pneumonia,4.0,4.0,0.0,0.0
PRSS1,1.0,1.0,Hemorrhage,4.0,4.0,0.0,0.0
PRSS1,1.0,1.0,Deep Vein Thrombosis,4.0,4.0,0.0,0.0
PTGDR2,1.0,1.0,Pancreatitis,2.0,2.0,0.0,0.0
PTGDR2,1.0,1.0,Myocardial Infarction,2.0,2.0,0.0,0.0
PTGIR,1.0,1.0,Pneumonia,3.0,3.0,0.0,0.0
PTGIR,2.0,2.0,Sepsis,3.0,3.0,0.0,0.0
PTGIS,1.0,1.0,Sepsis,1.0,1.0,0.0,0.0
PTGS1,1.0,1.0,Thrombocytopenia,28.0,26.0,0.0,-2.0
PTGS1,2.0,2.0,Pneumonia,28.0,26.0,0.0,-2.0
PTGS1,3.0,2.0,Edema,28.0,26.0,-1.0,-2.0
PTGS1,4.0,4.0,Pancreatitis,28.0,26.0,0.0,-2.0
PTGS1,1.0,1.0,Delirium,28.0,26.0,0.0,-2.0
PTGS1,1.0,1.0,Proteinuria,28.0,26.0,0.0,-2.0
PTGS1,1.0,1.0,Pulmonary Edema,28.0,26.0,0.0,-2.0
PTGS1,2.0,2.0,Sepsis,28.0,26.0,0.0,-2.0
PTGS1,4.0,3.0,Gastric ulcer,28.0,26.0,-1.0,-2.0
PTGS1,9.0,9.0,Myocardial Infarction,28.0,26.0,0.0,-2.0
PTGS2,1.0,1.0,Proteinuria,25.0,20.0,0.0,-5.0
PTGS2,4.0,3.0,Pneumonia,25.0,20.0,-1.0,-5.0
PTGS2,2.0,2.0,Sepsis,25.0,20.0,0.0,-5.0
PTGS2,1.0,1.0,Edema,25.0,20.0,0.0,-5.0
PTGS2,5.0,5.0,Myocardial Infarction,25.0,20.0,0.0,-5.0
PTGS2,4.0,2.0,Gastric ulcer,25.0,20.0,-2.0,-5.0
PTGS2,2.0,1.0,Pulmonary Edema,25.0,20.0,-1.0,-5.0
PTGS2,6.0,5.0,Pancreatitis,25.0,20.0,-1.0,-5.0
PTK6,1.0,1.0,Proteinuria,3.0,3.0,0.0,0.0
PTK6,1.0,1.0,Pancreatitis,3.0,3.0,0.0,0.0
PTK6,1.0,1.0,Thrombocytopenia,3.0,3.0,0.0,0.0
QPRT,1.0,1.0,Sepsis,1.0,1.0,0.0,0.0
RAF1,1.0,1.0,Thrombocytopenia,1.0,1.0,0.0,0.0
RET,1.0,1.0,Peripheral Neuropathy,4.0,7.0,0.0,3.0
RET,2.0,3.0,Thrombocytopenia,4.0,7.0,1.0,3.0
RET,0.0,1.0,Pancreatitis,4.0,7.0,1.0,3.0
RET,0.0,1.0,Proteinuria,4.0,7.0,1.0,3.0
RET,1.0,1.0,Cerebral Infarction,4.0,7.0,0.0,3.0
RIC3,0.0,1.0,Sepsis,0.0,1.0,1.0,1.0
RYR1,1.0,1.0,Pulmonary Edema,6.0,6.0,0.0,0.0
RYR1,1.0,1.0,Pancreatitis,6.0,6.0,0.0,0.0
RYR1,1.0,1.0,Sepsis,6.0,6.0,0.0,0.0
RYR1,1.0,1.0,Gastric ulcer,6.0,6.0,0.0,0.0
RYR1,1.0,1.0,Edema,6.0,6.0,0.0,0.0
RYR1,1.0,1.0,Thrombocytopenia,6.0,6.0,0.0,0.0
S100A4,1.0,1.0,Pneumonia,1.0,1.0,0.0,0.0
S100A7,0.0,1.0,Gastric ulcer,0.0,1.0,1.0,1.0
SCN10A,1.0,1.0,Gastric ulcer,2.0,2.0,0.0,0.0
SCN10A,1.0,1.0,Sepsis,2.0,2.0,0.0,0.0
SCN11A,0.0,1.0,Sepsis,0.0,1.0,1.0,1.0
SCN2A,0.0,1.0,Myocardial Infarction,1.0,3.0,1.0,2.0
SCN2A,0.0,1.0,Pneumonia,1.0,3.0,1.0,2.0
SCN2A,1.0,1.0,Hyperlipidemia,1.0,3.0,0.0,2.0
SCN4A,0.0,1.0,Gastric ulcer,1.0,2.0,1.0,1.0
SCN4A,1.0,1.0,Hyperlipidemia,1.0,2.0,0.0,1.0
SCN5A,1.0,1.0,Gastric ulcer,4.0,3.0,0.0,-1.0
SCN5A,1.0,0.0,Delirium,4.0,3.0,-1.0,-1.0
SCN5A,1.0,1.0,Myocardial Infarction,4.0,3.0,0.0,-1.0
SCN5A,1.0,1.0,Sepsis,4.0,3.0,0.0,-1.0
SCN9A,0.0,1.0,Gastric ulcer,0.0,1.0,1.0,1.0
SDC2,1.0,1.0,Thrombocytopenia,1.0,1.0,0.0,0.0
SELE,1.0,1.0,Edema,1.0,1.0,0.0,0.0
SELP,1.0,1.0,Hyperlipidemia,4.0,4.0,0.0,0.0
SELP,2.0,2.0,Hemorrhage,4.0,4.0,0.0,0.0
SELP,1.0,1.0,Myocardial Infarction,4.0,4.0,0.0,0.0
SERPINA7,0.0,1.0,Sepsis,0.0,4.0,1.0,4.0
SERPINA7,0.0,1.0,Hemorrhage,0.0,4.0,1.0,4.0
SERPINA7,0.0,1.0,Myocardial Infarction,0.0,4.0,1.0,4.0
SERPINA7,0.0,1.0,Hyperlipidemia,0.0,4.0,1.0,4.0
SERPINB2,1.0,1.0,Hemorrhage,4.0,4.0,0.0,0.0
SERPINB2,1.0,1.0,Myocardial Infarction,4.0,4.0,0.0,0.0
SERPINB2,1.0,1.0,Cerebral Infarction,4.0,4.0,0.0,0.0
SERPINB2,1.0,1.0,Pancreatitis,4.0,4.0,0.0,0.0
SERPINC1,2.0,2.0,Myocardial Infarction,9.0,9.0,0.0,0.0
SERPINC1,4.0,4.0,Hemorrhage,9.0,9.0,0.0,0.0
SERPINC1,2.0,2.0,Hyperlipidemia,9.0,9.0,0.0,0.0
SERPINC1,1.0,1.0,Pneumonia,9.0,9.0,0.0,0.0
SERPINE1,1.0,1.0,Pancreatitis,11.0,11.0,0.0,0.0
SERPINE1,3.0,3.0,Hemorrhage,11.0,11.0,0.0,0.0
SERPINE1,1.0,1.0,Sepsis,11.0,11.0,0.0,0.0
SERPINE1,1.0,1.0,Deep Vein Thrombosis,11.0,11.0,0.0,0.0
SERPINE1,3.0,3.0,Cerebral Infarction,11.0,11.0,0.0,0.0
SERPINE1,2.0,2.0,Myocardial Infarction,11.0,11.0,0.0,0.0
SH2B3,1.0,1.0,Thrombocytopenia,1.0,1.0,0.0,0.0
SHBG,2.0,2.0,Myocardial Infarction,4.0,4.0,0.0,0.0
SHBG,2.0,2.0,Hyperlipidemia,4.0,4.0,0.0,0.0
SHMT1,1.0,1.0,Hyperlipidemia,2.0,2.0,0.0,0.0
SHMT1,1.0,1.0,Sepsis,2.0,2.0,0.0,0.0
SHMT2,1.0,1.0,Hyperlipidemia,2.0,2.0,0.0,0.0
SHMT2,1.0,1.0,Sepsis,2.0,2.0,0.0,0.0
SI,1.0,1.0,Gastric ulcer,1.0,1.0,0.0,0.0
SIGMAR1,1.0,1.0,Gastric ulcer,7.0,11.0,0.0,4.0
SIGMAR1,0.0,1.0,Sepsis,7.0,11.0,1.0,4.0
SIGMAR1,2.0,2.0,Myocardial Infarction,7.0,11.0,0.0,4.0
SIGMAR1,2.0,4.0,Pneumonia,7.0,11.0,2.0,4.0
SIGMAR1,1.0,2.0,Tardive Dyskinesia,7.0,11.0,1.0,4.0
SIGMAR1,1.0,1.0,Edema,7.0,11.0,0.0,4.0
SLC10A1,1.0,1.0,Hyperlipidemia,1.0,1.0,0.0,0.0
SLC15A1,0.0,1.0,Gastric ulcer,0.0,7.0,1.0,7.0
SLC15A1,0.0,1.0,Pneumonia,0.0,7.0,1.0,7.0
SLC15A1,0.0,1.0,Edema,0.0,7.0,1.0,7.0
SLC15A1,0.0,2.0,Myocardial Infarction,0.0,7.0,2.0,7.0
SLC15A1,0.0,1.0,Pancreatitis,0.0,7.0,1.0,7.0
SLC15A1,0.0,1.0,Proteinuria,0.0,7.0,1.0,7.0
SLC16A1,1.0,1.0,Sepsis,1.0,1.0,0.0,0.0
SLC16A10,1.0,1.0,Pneumonia,6.0,6.0,0.0,0.0
SLC16A10,1.0,1.0,Sepsis,6.0,6.0,0.0,0.0
SLC16A10,2.0,2.0,Pancreatitis,6.0,6.0,0.0,0.0
SLC16A10,1.0,1.0,Myocardial Infarction,6.0,6.0,0.0,0.0
SLC16A10,1.0,1.0,Hyperlipidemia,6.0,6.0,0.0,0.0
SLC16A3,1.0,1.0,Sepsis,1.0,1.0,0.0,0.0
SLC18A2,1.0,2.0,Pneumonia,2.0,4.0,1.0,2.0
SLC18A2,1.0,1.0,Myocardial Infarction,2.0,4.0,0.0,2.0
SLC18A2,0.0,1.0,Tardive Dyskinesia,2.0,4.0,1.0,2.0
SLC22A1,1.0,0.0,Delirium,25.0,22.0,-1.0,-3.0
SLC22A1,1.0,1.0,Edema,25.0,22.0,0.0,-3.0
SLC22A1,7.0,5.0,Myocardial Infarction,25.0,22.0,-2.0,-3.0
SLC22A1,3.0,2.0,Hyperlipidemia,25.0,22.0,-1.0,-3.0
SLC22A1,1.0,1.0,Pancreatitis,25.0,22.0,0.0,-3.0
SLC22A1,2.0,1.0,Tardive Dyskinesia,25.0,22.0,-1.0,-3.0
SLC22A1,1.0,2.0,Thrombocytopenia,25.0,22.0,1.0,-3.0
SLC22A1,5.0,6.0,Pneumonia,25.0,22.0,1.0,-3.0
SLC22A1,2.0,2.0,Gastric ulcer,25.0,22.0,0.0,-3.0
SLC22A1,2.0,2.0,Sepsis,25.0,22.0,0.0,-3.0
SLC22A11,1.0,1.0,Gastric ulcer,8.0,8.0,0.0,0.0
SLC22A11,1.0,1.0,Sepsis,8.0,8.0,0.0,0.0
SLC22A11,2.0,2.0,Hyperlipidemia,8.0,8.0,0.0,0.0
SLC22A11,2.0,2.0,Myocardial Infarction,8.0,8.0,0.0,0.0
SLC22A11,2.0,2.0,Pancreatitis,8.0,8.0,0.0,0.0
SLC22A12,1.0,1.0,Myocardial Infarction,1.0,1.0,0.0,0.0
SLC22A2,8.0,8.0,Myocardial Infarction,25.0,30.0,0.0,5.0
SLC22A2,3.0,3.0,Hyperlipidemia,25.0,30.0,0.0,5.0
SLC22A2,4.0,4.0,Sepsis,25.0,30.0,0.0,5.0
SLC22A2,1.0,1.0,Edema,25.0,30.0,0.0,5.0
SLC22A2,1.0,2.0,Thrombocytopenia,25.0,30.0,1.0,5.0
SLC22A2,2.0,3.0,Gastric ulcer,25.0,30.0,1.0,5.0
SLC22A2,0.0,1.0,Proteinuria,25.0,30.0,1.0,5.0
SLC22A2,3.0,4.0,Pneumonia,25.0,30.0,1.0,5.0
SLC22A2,2.0,3.0,Pancreatitis,25.0,30.0,1.0,5.0
SLC22A2,1.0,1.0,Delirium,25.0,30.0,0.0,5.0
SLC22A3,2.0,1.0,Hyperlipidemia,7.0,10.0,-1.0,3.0
SLC22A3,0.0,1.0,Gastric ulcer,7.0,10.0,1.0,3.0
SLC22A3,1.0,1.0,Pancreatitis,7.0,10.0,0.0,3.0
SLC22A3,3.0,4.0,Myocardial Infarction,7.0,10.0,1.0,3.0
SLC22A3,0.0,1.0,Pneumonia,7.0,10.0,1.0,3.0
SLC22A3,0.0,1.0,Sepsis,7.0,10.0,1.0,3.0
SLC22A3,1.0,1.0,Delirium,7.0,10.0,0.0,3.0
SLC22A4,1.0,1.0,Delirium,5.0,7.0,0.0,2.0
SLC22A4,0.0,1.0,Sepsis,5.0,7.0,1.0,2.0
SLC22A4,1.0,1.0,Hyperlipidemia,5.0,7.0,0.0,2.0
SLC22A4,1.0,2.0,Pneumonia,5.0,7.0,1.0,2.0
SLC22A4,2.0,2.0,Myocardial Infarction,5.0,7.0,0.0,2.0
SLC22A5,2.0,2.0,Gastric ulcer,9.0,6.0,0.0,-3.0
SLC22A5,1.0,1.0,Pneumonia,9.0,6.0,0.0,-3.0
SLC22A5,2.0,1.0,Sepsis,9.0,6.0,-1.0,-3.0
SLC22A5,3.0,2.0,Myocardial Infarction,9.0,6.0,-1.0,-3.0
SLC22A5,1.0,0.0,Edema,9.0,6.0,-1.0,-3.0
SLC22A6,1.0,1.0,Hyperlipidemia,16.0,16.0,0.0,0.0
SLC22A6,2.0,2.0,Proteinuria,16.0,16.0,0.0,0.0
SLC22A6,6.0,6.0,Myocardial Infarction,16.0,16.0,0.0,0.0
SLC22A6,3.0,3.0,Pancreatitis,16.0,16.0,0.0,0.0
SLC22A6,1.0,1.0,Edema,16.0,16.0,0.0,0.0
SLC22A6,2.0,2.0,Gastric ulcer,16.0,16.0,0.0,0.0
SLC22A6,1.0,1.0,Sepsis,16.0,16.0,0.0,0.0
SLC22A7,0.0,1.0,Myocardial Infarction,0.0,7.0,1.0,7.0
SLC22A7,0.0,2.0,Hyperlipidemia,0.0,7.0,2.0,7.0
SLC22A7,0.0,2.0,Pancreatitis,0.0,7.0,2.0,7.0
SLC22A7,0.0,2.0,Sepsis,0.0,7.0,2.0,7.0
SLC22A8,2.0,3.0,Myocardial Infarction,9.0,12.0,1.0,3.0
SLC22A8,1.0,1.0,Gastric ulcer,9.0,12.0,0.0,3.0
SLC22A8,3.0,3.0,Hyperlipidemia,9.0,12.0,0.0,3.0
SLC22A8,0.0,1.0,Pneumonia,9.0,12.0,1.0,3.0
SLC22A8,1.0,2.0,Sepsis,9.0,12.0,1.0,3.0
SLC22A8,2.0,2.0,Pancreatitis,9.0,12.0,0.0,3.0
SLC28A1,1.0,1.0,Hyperlipidemia,1.0,1.0,0.0,0.0
SLC28A3,1.0,1.0,Myocardial Infarction,1.0,1.0,0.0,0.0
SLC29A2,1.0,1.0,Hyperlipidemia,1.0,1.0,0.0,0.0
SLC2A9,0.0,1.0,Myocardial Infarction,0.0,1.0,1.0,1.0
SLC31A1,1.0,1.0,Pancreatitis,1.0,1.0,0.0,0.0
SLC32A1,1.0,1.0,Sepsis,2.0,2.0,0.0,0.0
SLC32A1,1.0,1.0,Hyperlipidemia,2.0,2.0,0.0,0.0
SLC36A1,0.0,1.0,Hyperlipidemia,0.0,4.0,1.0,4.0
SLC36A1,0.0,1.0,Gastric ulcer,0.0,4.0,1.0,4.0
SLC36A1,0.0,1.0,Myocardial Infarction,0.0,4.0,1.0,4.0
SLC36A1,0.0,1.0,Sepsis,0.0,4.0,1.0,4.0
SLC46A1,1.0,1.0,Sepsis,1.0,1.0,0.0,0.0
SLC47A1,1.0,2.0,Pneumonia,2.0,5.0,1.0,3.0
SLC47A1,0.0,1.0,Hyperlipidemia,2.0,5.0,1.0,3.0
SLC47A1,0.0,1.0,Sepsis,2.0,5.0,1.0,3.0
SLC47A1,1.0,1.0,Thrombocytopenia,2.0,5.0,0.0,3.0
SLC5A6,1.0,1.0,Thrombocytopenia,1.0,1.0,0.0,0.0
SLC5A8,1.0,1.0,Sepsis,1.0,1.0,0.0,0.0
SLC6A2,3.0,3.0,Delirium,42.0,40.0,0.0,-2.0
SLC6A2,5.0,4.0,Gastric ulcer,42.0,40.0,-1.0,-2.0
SLC6A2,1.0,1.0,Pancreatitis,42.0,40.0,0.0,-2.0
SLC6A2,2.0,2.0,Sepsis,42.0,40.0,0.0,-2.0
SLC6A2,4.0,4.0,Tardive Dyskinesia,42.0,40.0,0.0,-2.0
SLC6A2,5.0,5.0,Edema,42.0,40.0,0.0,-2.0
SLC6A2,13.0,13.0,Myocardial Infarction,42.0,40.0,0.0,-2.0
SLC6A2,9.0,8.0,Pneumonia,42.0,40.0,-1.0,-2.0
SLC6A3,1.0,1.0,Sepsis,22.0,25.0,0.0,3.0
SLC6A3,2.0,2.0,Edema,22.0,25.0,0.0,3.0
SLC6A3,3.0,4.0,Tardive Dyskinesia,22.0,25.0,1.0,3.0
SLC6A3,4.0,4.0,Pneumonia,22.0,25.0,0.0,3.0
SLC6A3,7.0,7.0,Myocardial Infarction,22.0,25.0,0.0,3.0
SLC6A3,2.0,1.0,Gastric ulcer,22.0,25.0,-1.0,3.0
SLC6A3,0.0,1.0,Hyperlipidemia,22.0,25.0,1.0,3.0
SLC6A3,3.0,4.0,Delirium,22.0,25.0,1.0,3.0
SLC6A3,0.0,1.0,Pancreatitis,22.0,25.0,1.0,3.0
SLC6A4,7.0,8.0,Tardive Dyskinesia,44.0,50.0,1.0,6.0
SLC6A4,0.0,1.0,Pancreatitis,44.0,50.0,1.0,6.0
SLC6A4,12.0,14.0,Myocardial Infarction,44.0,50.0,2.0,6.0
SLC6A4,2.0,2.0,Sepsis,44.0,50.0,0.0,6.0
SLC6A4,1.0,2.0,Hyperlipidemia,44.0,50.0,1.0,6.0
SLC6A4,3.0,4.0,Delirium,44.0,50.0,1.0,6.0
SLC6A4,4.0,4.0,Edema,44.0,50.0,0.0,6.0
SLC6A4,6.0,5.0,Gastric ulcer,44.0,50.0,-1.0,6.0
SLC6A4,9.0,10.0,Pneumonia,44.0,50.0,1.0,6.0
SLC6A5,1.0,1.0,Hyperlipidemia,2.0,2.0,0.0,0.0
SLC6A5,1.0,1.0,Sepsis,2.0,2.0,0.0,0.0
SLC6A9,1.0,1.0,Sepsis,2.0,2.0,0.0,0.0
SLC6A9,1.0,1.0,Hyperlipidemia,2.0,2.0,0.0,0.0
SLC7A11,1.0,1.0,Sepsis,1.0,1.0,0.0,0.0
SLC7A5,0.0,1.0,Hyperlipidemia,3.0,7.0,1.0,4.0
SLC7A5,1.0,2.0,Myocardial Infarction,3.0,7.0,1.0,4.0
SLC7A5,1.0,2.0,Pneumonia,3.0,7.0,1.0,4.0
SLC7A5,1.0,1.0,Pancreatitis,3.0,7.0,0.0,4.0
SLC7A5,0.0,1.0,Sepsis,3.0,7.0,1.0,4.0
SLC7A8,1.0,1.0,Myocardial Infarction,3.0,3.0,0.0,0.0
SLC7A8,1.0,1.0,Pneumonia,3.0,3.0,0.0,0.0
SLC7A8,1.0,1.0,Pancreatitis,3.0,3.0,0.0,0.0
SLC9A1,0.0,1.0,Hyperlipidemia,0.0,3.0,1.0,3.0
SLC9A1,0.0,1.0,Pneumonia,0.0,3.0,1.0,3.0
SLC9A1,0.0,1.0,Sepsis,0.0,3.0,1.0,3.0
SLCO1A2,2.0,2.0,Pancreatitis,15.0,14.0,0.0,-1.0
SLCO1A2,3.0,3.0,Sepsis,15.0,14.0,0.0,-1.0
SLCO1A2,1.0,1.0,Gastric ulcer,15.0,14.0,0.0,-1.0
SLCO1A2,3.0,2.0,Hyperlipidemia,15.0,14.0,-1.0,-1.0
SLCO1A2,4.0,4.0,Myocardial Infarction,15.0,14.0,0.0,-1.0
SLCO1A2,2.0,2.0,Pneumonia,15.0,14.0,0.0,-1.0
SLCO1B1,2.0,2.0,Myocardial Infarction,10.0,12.0,0.0,2.0
SLCO1B1,2.0,2.0,Thrombocytopenia,10.0,12.0,0.0,2.0
SLCO1B1,1.0,1.0,Pancreatitis,10.0,12.0,0.0,2.0
SLCO1B1,2.0,3.0,Hyperlipidemia,10.0,12.0,1.0,2.0
SLCO1B1,1.0,2.0,Sepsis,10.0,12.0,1.0,2.0
SLCO1B1,2.0,2.0,Pneumonia,10.0,12.0,0.0,2.0
SLCO1B3,0.0,1.0,Delirium,4.0,8.0,1.0,4.0
SLCO1B3,0.0,1.0,Pneumonia,4.0,8.0,1.0,4.0
SLCO1B3,2.0,2.0,Myocardial Infarction,4.0,8.0,0.0,4.0
SLCO1B3,0.0,1.0,Sepsis,4.0,8.0,1.0,4.0
SLCO1B3,1.0,2.0,Hyperlipidemia,4.0,8.0,1.0,4.0
SLCO1B3,1.0,1.0,Pancreatitis,4.0,8.0,0.0,4.0
SLCO1C1,1.0,1.0,Hyperlipidemia,2.0,2.0,0.0,0.0
SLCO1C1,1.0,1.0,Myocardial Infarction,2.0,2.0,0.0,0.0
SLCO2B1,1.0,1.0,Myocardial Infarction,4.0,9.0,0.0,5.0
SLCO2B1,0.0,1.0,Thrombocytopenia,4.0,9.0,1.0,5.0
SLCO2B1,0.0,1.0,Delirium,4.0,9.0,1.0,5.0
SLCO2B1,0.0,1.0,Pneumonia,4.0,9.0,1.0,5.0
SLCO2B1,1.0,1.0,Gastric ulcer,4.0,9.0,0.0,5.0
SLCO2B1,1.0,2.0,Sepsis,4.0,9.0,1.0,5.0
SLCO2B1,1.0,2.0,Hyperlipidemia,4.0,9.0,1.0,5.0
SLCO4A1,1.0,1.0,Hyperlipidemia,2.0,2.0,0.0,0.0
SLCO4A1,1.0,1.0,Myocardial Infarction,2.0,2.0,0.0,0.0
SMPD1,1.0,1.0,Tardive Dyskinesia,3.0,3.0,0.0,0.0
SMPD1,1.0,1.0,Myocardial Infarction,3.0,3.0,0.0,0.0
SMPD1,1.0,1.0,Pneumonia,3.0,3.0,0.0,0.0
SOD1,1.0,1.0,Pancreatitis,1.0,1.0,0.0,0.0
SRC,1.0,1.0,Pancreatitis,7.0,7.0,0.0,0.0
SRC,4.0,4.0,Thrombocytopenia,7.0,7.0,0.0,0.0
SRC,1.0,1.0,Pneumonia,7.0,7.0,0.0,0.0
SRC,1.0,1.0,Pulmonary Edema,7.0,7.0,0.0,0.0
SST,1.0,1.0,Hemorrhage,1.0,1.0,0.0,0.0
SSTR1,1.0,1.0,Pneumonia,4.0,4.0,0.0,0.0
SSTR1,1.0,1.0,Gastric ulcer,4.0,4.0,0.0,0.0
SSTR1,2.0,2.0,Myocardial Infarction,4.0,4.0,0.0,0.0
SSTR2,1.0,1.0,Pneumonia,4.0,4.0,0.0,0.0
SSTR2,2.0,2.0,Myocardial Infarction,4.0,4.0,0.0,0.0
SSTR2,1.0,1.0,Gastric ulcer,4.0,4.0,0.0,0.0
SSTR3,1.0,1.0,Myocardial Infarction,1.0,1.0,0.0,0.0
SSTR5,1.0,1.0,Pneumonia,4.0,4.0,0.0,0.0
SSTR5,2.0,2.0,Myocardial Infarction,4.0,4.0,0.0,0.0
SSTR5,1.0,1.0,Gastric ulcer,4.0,4.0,0.0,0.0
STAT5B,1.0,1.0,Thrombocytopenia,2.0,2.0,0.0,0.0
STAT5B,1.0,1.0,Pulmonary Edema,2.0,2.0,0.0,0.0
SULT1A3,0.0,1.0,Gastric ulcer,0.0,2.0,1.0,2.0
SULT1A3,0.0,1.0,Myocardial Infarction,0.0,2.0,1.0,2.0
TAAR1,1.0,1.0,Myocardial Infarction,1.0,1.0,0.0,0.0
TACR1,0.0,1.0,Myocardial Infarction,0.0,2.0,1.0,2.0
TACR1,0.0,1.0,Pneumonia,0.0,2.0,1.0,2.0
TBXAS1,1.0,1.0,Sepsis,1.0,1.0,0.0,0.0
TDO2,1.0,1.0,Myocardial Infarction,1.0,1.0,0.0,0.0
TEK,3.0,3.0,Thrombocytopenia,5.0,5.0,0.0,0.0
TEK,1.0,1.0,Proteinuria,5.0,5.0,0.0,0.0
TEK,1.0,1.0,Pancreatitis,5.0,5.0,0.0,0.0
TERT,1.0,1.0,Hyperlipidemia,1.0,1.0,0.0,0.0
TFPI,1.0,1.0,Hemorrhage,1.0,1.0,0.0,0.0
THBD,1.0,1.0,Gastric ulcer,1.0,1.0,0.0,0.0
TK1,1.0,1.0,Hyperlipidemia,1.0,1.0,0.0,0.0
TLR4,1.0,1.0,Pancreatitis,2.0,3.0,0.0,1.0
TLR4,1.0,2.0,Myocardial Infarction,2.0,3.0,1.0,1.0
TNF,2.0,2.0,Edema,10.0,10.0,0.0,0.0
TNF,1.0,1.0,Pneumonia,10.0,10.0,0.0,0.0
TNF,2.0,2.0,Myocardial Infarction,10.0,10.0,0.0,0.0
TNF,1.0,1.0,Pancreatitis,10.0,10.0,0.0,0.0
TNF,1.0,1.0,Sepsis,10.0,10.0,0.0,0.0
TNF,2.0,2.0,Gastric ulcer,10.0,10.0,0.0,0.0
TNF,1.0,1.0,Pulmonary Edema,10.0,10.0,0.0,0.0
TNFAIP6,0.0,1.0,Gastric ulcer,0.0,1.0,1.0,1.0
TNNC1,1.0,1.0,Pneumonia,1.0,1.0,0.0,0.0
TPMT,1.0,1.0,Thrombocytopenia,1.0,1.0,0.0,0.0
TRPV1,0.0,1.0,Pneumonia,0.0,2.0,1.0,2.0
TRPV1,0.0,1.0,Myocardial Infarction,0.0,2.0,1.0,2.0
TTLL3,0.0,1.0,Sepsis,0.0,1.0,1.0,1.0
TTR,1.0,1.0,Proteinuria,2.0,2.0,0.0,0.0
TTR,1.0,1.0,Myocardial Infarction,2.0,2.0,0.0,0.0
TYK2,0.0,1.0,Hyperlipidemia,0.0,3.0,1.0,3.0
TYK2,0.0,1.0,Pneumonia,0.0,3.0,1.0,3.0
TYK2,0.0,1.0,Sepsis,0.0,3.0,1.0,3.0
UGT1A1,1.0,2.0,Sepsis,12.0,23.0,1.0,11.0
UGT1A1,1.0,3.0,Pneumonia,12.0,23.0,2.0,11.0
UGT1A1,0.0,3.0,Pancreatitis,12.0,23.0,3.0,11.0
UGT1A1,0.0,1.0,Edema,12.0,23.0,1.0,11.0
UGT1A1,1.0,0.0,Gastric ulcer,12.0,23.0,-1.0,11.0
UGT1A1,3.0,4.0,Thrombocytopenia,12.0,23.0,1.0,11.0
UGT1A1,2.0,3.0,Hyperlipidemia,12.0,23.0,1.0,11.0
UGT1A1,4.0,7.0,Myocardial Infarction,12.0,23.0,3.0,11.0
UGT1A10,0.0,1.0,Pneumonia,1.0,4.0,1.0,3.0
UGT1A10,0.0,1.0,Thrombocytopenia,1.0,4.0,1.0,3.0
UGT1A10,1.0,1.0,Myocardial Infarction,1.0,4.0,0.0,3.0
UGT1A10,0.0,1.0,Pancreatitis,1.0,4.0,1.0,3.0
UGT1A3,1.0,1.0,Gastric ulcer,5.0,5.0,0.0,0.0
UGT1A3,1.0,1.0,Sepsis,5.0,5.0,0.0,0.0
UGT1A3,3.0,3.0,Myocardial Infarction,5.0,5.0,0.0,0.0
UGT1A4,1.0,4.0,Myocardial Infarction,9.0,20.0,3.0,11.0
UGT1A4,0.0,1.0,Hyperlipidemia,9.0,20.0,1.0,11.0
UGT1A4,3.0,5.0,Pneumonia,9.0,20.0,2.0,11.0
UGT1A4,1.0,1.0,Sepsis,9.0,20.0,0.0,11.0
UGT1A4,1.0,1.0,Gastric ulcer,9.0,20.0,0.0,11.0
UGT1A4,0.0,2.0,Edema,9.0,20.0,2.0,11.0
UGT1A4,1.0,2.0,Pancreatitis,9.0,20.0,1.0,11.0
UGT1A4,2.0,4.0,Tardive Dyskinesia,9.0,20.0,2.0,11.0
UGT1A6,1.0,1.0,Hyperlipidemia,1.0,1.0,0.0,0.0
UGT1A7,0.0,1.0,Pneumonia,0.0,3.0,1.0,3.0
UGT1A7,0.0,1.0,Thrombocytopenia,0.0,3.0,1.0,3.0
UGT1A7,0.0,1.0,Pancreatitis,0.0,3.0,1.0,3.0
UGT1A8,0.0,1.0,Thrombocytopenia,5.0,8.0,1.0,3.0
UGT1A8,2.0,2.0,Myocardial Infarction,5.0,8.0,0.0,3.0
UGT1A8,0.0,1.0,Pneumonia,5.0,8.0,1.0,3.0
UGT1A8,1.0,1.0,Proteinuria,5.0,8.0,0.0,3.0
UGT1A8,1.0,1.0,Hyperlipidemia,5.0,8.0,0.0,3.0
UGT1A8,1.0,1.0,Sepsis,5.0,8.0,0.0,3.0
UGT1A8,0.0,1.0,Pancreatitis,5.0,8.0,1.0,3.0
UGT1A9,1.0,1.0,Hyperlipidemia,6.0,7.0,0.0,1.0
UGT1A9,1.0,1.0,Gastric ulcer,6.0,7.0,0.0,1.0
UGT1A9,0.0,1.0,Proteinuria,6.0,7.0,1.0,1.0
UGT1A9,0.0,1.0,Myocardial Infarction,6.0,7.0,1.0,1.0
UGT1A9,1.0,1.0,Tardive Dyskinesia,6.0,7.0,0.0,1.0
UGT1A9,2.0,1.0,Pneumonia,6.0,7.0,-1.0,1.0
UGT1A9,1.0,1.0,Thrombocytopenia,6.0,7.0,0.0,1.0
UGT2B10,0.0,2.0,Myocardial Infarction,0.0,5.0,2.0,5.0
UGT2B10,0.0,1.0,Pneumonia,0.0,5.0,1.0,5.0
UGT2B10,0.0,1.0,Tardive Dyskinesia,0.0,5.0,1.0,5.0
UGT2B10,0.0,1.0,Edema,0.0,5.0,1.0,5.0
UGT2B15,1.0,1.0,Myocardial Infarction,2.0,2.0,0.0,0.0
UGT2B15,1.0,1.0,Sepsis,2.0,2.0,0.0,0.0
UGT2B17,0.0,1.0,Myocardial Infarction,0.0,1.0,1.0,1.0
UGT2B4,1.0,1.0,Gastric ulcer,4.0,5.0,0.0,1.0
UGT2B4,1.0,1.0,Myocardial Infarction,4.0,5.0,0.0,1.0
UGT2B4,0.0,1.0,Edema,4.0,5.0,1.0,1.0
UGT2B4,1.0,1.0,Pneumonia,4.0,5.0,0.0,1.0
UGT2B4,1.0,1.0,Sepsis,4.0,5.0,0.0,1.0
UGT2B7,2.0,2.0,Myocardial Infarction,6.0,7.0,0.0,1.0
UGT2B7,1.0,1.0,Hyperlipidemia,6.0,7.0,0.0,1.0
UGT2B7,1.0,1.0,Pneumonia,6.0,7.0,0.0,1.0
UGT2B7,1.0,1.0,Gastric ulcer,6.0,7.0,0.0,1.0
UGT2B7,0.0,1.0,Edema,6.0,7.0,1.0,1.0
UGT2B7,1.0,1.0,Sepsis,6.0,7.0,0.0,1.0
VCAM1,1.0,1.0,Edema,1.0,1.0,0.0,0.0
VEGFA,1.0,1.0,Proteinuria,6.0,6.0,0.0,0.0
VEGFA,1.0,1.0,Edema,6.0,6.0,0.0,0.0
VEGFA,1.0,1.0,Hemorrhage,6.0,6.0,0.0,0.0
VEGFA,2.0,2.0,Pancreatitis,6.0,6.0,0.0,0.0
VEGFA,1.0,1.0,Thrombocytopenia,6.0,6.0,0.0,0.0
VKORC1,1.0,1.0,Hyperlipidemia,1.0,1.0,0.0,0.0
XDH,1.0,1.0,Thrombocytopenia,6.0,6.0,0.0,0.0
XDH,1.0,1.0,Edema,6.0,6.0,0.0,0.0
XDH,2.0,2.0,Pancreatitis,6.0,6.0,0.0,0.0
XDH,2.0,2.0,Pneumonia,6.0,6.0,0.0,0.0
YES1,1.0,1.0,Thrombocytopenia,2.0,2.0,0.0,0.0
YES1,1.0,1.0,Pulmonary Edema,2.0,2.0,0.0,0.0
rpsD,0.0,1.0,Pancreatitis,0.0,1.0,1.0,1.0
rpsI,0.0,1.0,Pancreatitis,0.0,1.0,1.0,1.0
tynA,0.0,1.0,Myocardial Infarction,0.0,1.0,1.0,1.0
